age,sex,bmi,children,smoker,region,vehicle_type,driving_experience,accident_history,credit_score,region_risk_score,policy_type,market_volatility_index,base_premium,final_premium
32,female,36.2,4,yes,northwest,truck,13,1,500,0.12,basic,0.08,9987.3,11984.76
66,male,25.4,1,yes,southwest,car,3,1,414,0.62,family,0.37,14585.65,17502.78
21,female,21.8,4,no,northwest,bike,3,4,367,0.59,premium,0.69,12347.08,31217.12
46,female,33.7,1,no,northeast,bike,24,4,744,0.3,basic,0.67,12477.4,27208.22
39,male,36.2,2,yes,southeast,car,5,0,744,0.49,basic,0.16,7523.34,9028.01
42,male,20.2,2,yes,southeast,truck,26,0,625,0.69,premium,0.01,9146.98,10976.38
30,female,23.3,3,yes,northwest,truck,11,0,658,0.75,premium,0.75,5823.42,6988.1
35,male,21.1,1,yes,northwest,bike,7,4,444,0.1,premium,0.11,11065.26,13278.31
50,female,25.7,3,yes,northwest,bike,21,0,574,0.94,family,0.08,6037.3,7244.76
33,male,27.9,1,no,southwest,truck,24,0,808,0.25,premium,0.0,13359.1,16754.98
62,male,34.5,3,yes,southeast,truck,10,2,478,0.31,basic,0.43,13145.54,15774.65
59,female,32.3,2,no,northwest,SUV,10,0,776,0.34,premium,0.5,10336.05,19094.82
61,male,31.7,4,no,northeast,bike,20,1,713,0.13,basic,0.64,6411.66,11757.06
19,male,25.8,3,yes,northwest,bike,2,4,452,0.21,basic,0.3,5255.79,6306.95
52,male,36.5,1,yes,southeast,car,3,3,403,0.99,family,0.71,12967.09,15560.51
59,male,28.4,1,no,northwest,SUV,8,2,374,0.38,premium,0.17,11001.4,18675.98
51,male,39.5,2,yes,southeast,truck,11,4,427,0.2,family,0.83,12109.3,14531.16
47,male,32.0,1,no,northwest,SUV,13,4,644,0.2,premium,0.57,8038.07,16000.58
30,female,20.8,0,yes,northeast,truck,7,1,830,0.75,premium,0.58,10094.83,12113.8
30,female,32.9,4,yes,northwest,truck,13,0,458,0.87,premium,0.21,12471.74,14966.09
35,male,25.2,3,yes,northeast,SUV,2,1,837,0.33,premium,0.07,9625.63,11550.76
49,female,33.1,4,no,northeast,bike,6,0,725,0.12,premium,0.46,11013.84,17539.54
49,female,19.5,2,yes,northwest,truck,9,0,322,0.3,basic,0.62,12897.28,15476.74
52,female,21.8,3,no,northeast,SUV,20,4,346,0.15,basic,0.1,7152.21,10731.18
56,male,36.8,3,yes,southwest,car,25,0,824,0.19,premium,0.95,5659.29,6791.15
63,female,23.0,0,no,northwest,SUV,2,2,443,0.49,basic,0.98,10318.24,26937.83
69,male,36.4,2,yes,northwest,car,18,2,718,0.31,family,0.55,5621.26,6745.51
46,female,24.1,1,no,northeast,truck,16,2,384,0.56,family,0.95,12665.57,33647.35
66,male,32.1,0,no,northeast,SUV,25,4,715,0.33,family,0.18,12192.11,21013.1
46,male,33.3,0,no,northwest,SUV,12,1,781,0.95,premium,0.03,13817.13,28144.11
61,female,29.3,4,no,southwest,car,7,3,755,0.92,premium,0.04,11395.62,24153.02
33,female,24.7,4,no,northeast,SUV,7,0,596,0.61,basic,0.59,5671.98,12622.42
61,male,22.7,4,no,northeast,SUV,17,3,411,0.42,basic,0.06,7531.52,12607.01
64,female,18.7,0,yes,southeast,truck,13,1,529,0.44,basic,0.96,13079.32,15695.18
27,female,24.7,1,no,southwest,SUV,11,1,395,0.47,family,0.14,6671.32,11377.94
47,female,32.4,3,no,southwest,bike,6,4,677,0.75,family,0.3,11984.8,27173.14
42,male,38.6,4,no,northwest,car,29,2,455,0.51,family,0.82,12802.59,31616.0
56,male,37.2,1,yes,southwest,SUV,23,2,720,0.87,family,0.22,8301.12,9961.34
37,female,34.9,2,yes,northwest,car,27,1,404,0.95,basic,0.24,8222.97,9867.56
22,female,35.3,4,yes,southeast,car,14,4,629,0.4,premium,0.64,10578.03,12693.64
18,female,32.6,3,no,southwest,car,6,4,738,0.6,premium,0.28,13612.86,28467.21
47,male,23.7,2,yes,northeast,SUV,6,0,431,0.19,family,0.22,7239.06,8686.87
66,male,38.0,2,yes,southeast,SUV,2,2,681,0.28,premium,0.25,14412.58,17295.1
20,female,32.8,3,no,northwest,car,22,1,437,0.47,premium,0.49,10991.19,22546.23
62,female,30.3,4,no,southeast,bike,20,3,569,0.29,premium,0.97,14921.26,36379.52
31,female,20.4,0,yes,northwest,car,25,2,849,0.89,family,0.83,5896.14,7075.37
47,female,27.8,3,no,southeast,bike,15,0,695,0.24,basic,0.28,6265.62,9620.86
67,female,28.1,3,no,northwest,car,28,4,763,0.51,basic,0.36,13266.42,27576.91
21,female,37.0,3,no,southwest,truck,17,1,749,0.65,premium,0.46,13647.56,29616.57
35,male,30.0,2,no,northeast,car,29,2,630,0.72,basic,0.98,9454.59,26680.85
54,female,26.4,1,yes,northwest,car,8,3,552,0.44,basic,0.17,12140.71,14568.85
42,male,39.5,0,no,southeast,SUV,5,0,584,0.88,family,0.36,13675.57,30997.05
65,female,20.4,4,yes,northwest,bike,17,0,573,0.61,family,0.73,5431.28,6517.54
18,female,27.3,4,yes,northwest,truck,20,2,319,0.5,premium,0.96,10739.5,12887.4
63,male,18.9,1,yes,northwest,bike,1,3,538,0.16,premium,0.16,13534.81,16241.77
32,male,34.3,3,yes,southeast,truck,22,0,569,0.52,premium,0.23,8981.55,10777.86
26,male,38.2,0,no,northeast,car,18,1,717,0.84,family,0.23,8023.84,17117.26
32,male,24.2,4,no,southwest,SUV,15,0,609,0.65,basic,0.02,12957.07,21950.57
66,female,36.9,4,no,northeast,SUV,5,3,330,0.85,family,0.6,8357.87,22165.07
41,male,24.4,3,yes,northwest,bike,7,4,403,0.54,family,0.67,5031.74,6038.09
21,female,38.0,1,yes,southeast,SUV,18,4,485,0.21,basic,0.6,14595.73,17514.88
29,male,34.6,0,yes,northeast,bike,6,2,427,0.11,basic,0.07,10921.23,13105.48
54,female,35.7,1,no,northwest,bike,22,3,509,0.37,premium,0.07,13195.18,21430.29
54,female,18.4,1,yes,southwest,truck,21,0,713,0.73,basic,0.21,13253.02,15903.62
60,female,39.2,0,no,southwest,bike,5,0,580,0.81,basic,0.29,5664.1,12047.54
23,female,34.0,0,no,southwest,truck,19,4,552,0.37,basic,0.79,6708.6,16032.21
56,female,24.7,4,no,northwest,SUV,10,4,318,0.55,basic,0.16,8111.21,15923.93
63,female,36.2,4,no,southeast,bike,15,1,435,0.48,premium,0.04,8206.99,13225.56
41,male,24.2,0,yes,northeast,bike,10,4,522,0.47,premium,0.39,11587.86,13905.43
28,female,37.2,2,no,southwest,car,27,1,302,0.31,basic,0.42,11231.33,20607.24
30,male,20.5,4,yes,northwest,bike,16,0,535,0.22,basic,0.45,9945.9,11935.08
51,male,33.5,2,no,northwest,bike,12,1,764,0.28,premium,0.83,7112.64,15424.47
42,female,29.9,0,yes,northeast,car,18,1,527,0.15,premium,0.1,8819.83,10583.8
24,male,20.1,4,yes,southwest,car,23,2,798,0.28,basic,0.7,10435.94,12523.13
69,female,23.3,1,no,northwest,SUV,1,4,820,0.11,family,0.34,9679.85,16000.79
21,male,18.3,0,no,northeast,bike,16,1,438,0.66,premium,0.31,6272.93,12929.76
25,female,28.3,3,no,southeast,SUV,22,0,575,0.38,premium,0.93,11495.1,26869.8
37,male,24.6,2,yes,southeast,SUV,6,3,590,0.98,premium,0.25,5730.52,6876.62
46,female,31.2,0,no,southeast,car,3,1,352,0.27,basic,0.64,8781.95,17649.96
68,female,24.5,0,no,southwest,truck,2,4,409,0.41,basic,0.28,12100.29,23403.17
62,female,24.6,4,yes,northeast,SUV,28,2,303,0.42,premium,0.51,5200.24,6240.29
63,female,34.4,4,no,northeast,truck,2,0,346,0.11,basic,0.79,10699.83,20868.95
27,male,19.1,4,yes,northwest,bike,13,2,393,0.86,basic,0.88,8345.21,10014.25
60,female,37.9,3,no,northwest,car,9,3,512,0.13,premium,0.84,5088.32,10959.22
51,male,36.7,4,yes,northwest,bike,16,1,735,0.95,basic,0.58,6903.83,8284.6
43,male,32.7,0,yes,northeast,bike,27,1,807,0.9,family,0.25,14409.46,17291.35
58,male,31.1,4,no,northwest,car,5,4,504,0.58,basic,0.66,10211.49,25269.35
66,female,37.6,1,yes,northeast,bike,23,1,680,0.59,basic,0.71,14972.27,17966.72
20,male,22.1,4,no,northeast,car,28,0,372,0.69,premium,0.01,10248.17,17911.75
23,male,19.7,3,no,southeast,truck,21,3,815,0.45,premium,0.44,10439.36,21332.83
22,male,23.3,1,yes,northwest,bike,7,2,375,0.68,family,0.84,8918.43,10702.12
22,female,35.5,0,no,southeast,car,13,3,376,0.14,basic,0.49,8100.4,14802.67
64,female,18.8,0,yes,southwest,SUV,20,1,709,0.15,family,0.31,7515.46,9018.55
40,male,30.8,2,yes,southwest,bike,24,2,405,0.51,family,0.87,8434.21,10121.05
66,female,39.9,1,yes,southwest,truck,29,4,850,0.59,premium,0.16,9598.51,11518.21
26,female,36.8,2,yes,northeast,car,27,3,775,0.9,basic,0.21,6919.92,8303.9
52,male,29.5,1,yes,northeast,bike,26,2,574,0.19,premium,0.69,7248.75,8698.5
37,male,19.4,1,yes,northeast,bike,13,2,387,0.84,family,0.35,7715.45,9258.54
66,female,36.3,3,yes,northwest,bike,27,2,376,0.29,family,0.71,9492.6,11391.12
59,male,31.2,2,yes,southeast,truck,26,0,376,0.45,premium,0.16,11528.13,13833.76
52,female,20.5,3,no,northeast,car,7,3,741,0.38,premium,0.25,13561.46,24287.22
67,female,20.1,1,no,southeast,SUV,10,2,839,0.46,premium,0.16,7871.32,13547.33
35,female,38.0,0,yes,southeast,SUV,15,3,544,0.24,premium,0.95,6837.28,8204.74
34,female,32.7,1,no,southeast,SUV,21,2,681,0.55,premium,0.41,8788.47,18252.77
41,female,36.2,3,no,northwest,car,27,4,441,0.82,family,0.34,13943.83,33477.74
20,female,37.3,2,no,northwest,SUV,6,4,667,0.5,premium,0.01,5098.61,8811.93
49,male,30.6,2,no,southwest,truck,5,4,383,0.54,basic,0.15,11778.69,22811.79
52,male,29.4,3,no,southwest,car,23,1,442,0.86,family,0.42,9771.6,23166.51
55,female,27.5,2,no,southeast,bike,28,2,651,0.74,family,0.07,6610.46,12757.53
30,female,25.0,4,yes,southwest,truck,2,1,844,0.54,basic,0.51,8210.22,9852.26
64,female,27.6,0,no,southeast,bike,21,3,451,0.33,basic,0.46,7249.5,14353.29
42,male,35.0,0,no,northwest,SUV,15,1,457,0.9,family,0.77,13778.32,38018.52
26,female,31.2,0,no,northwest,truck,26,3,745,0.62,premium,0.66,9818.73,23962.61
21,male,37.6,2,no,northwest,car,16,3,602,0.3,family,0.45,10630.94,20462.43
31,female,27.8,2,yes,northeast,truck,19,3,749,0.34,family,0.22,10936.88,13124.26
54,female,31.4,1,yes,southeast,bike,9,1,523,0.82,basic,0.73,11396.17,13675.4
51,male,31.9,1,yes,northwest,car,29,2,342,0.14,family,0.71,9955.56,11946.67
28,male,31.0,0,yes,southeast,truck,22,1,563,0.99,premium,0.15,5178.74,6214.49
58,female,33.5,4,no,southwest,truck,29,2,302,0.22,basic,0.91,8347.23,19071.75
20,female,23.2,1,yes,southwest,truck,26,2,567,0.82,family,0.06,6838.73,8206.48
45,female,29.3,1,yes,northwest,truck,19,3,315,0.46,family,0.06,11801.43,14161.72
46,male,20.3,2,yes,southeast,car,7,1,633,0.54,premium,0.19,5567.05,6680.46
26,male,26.5,4,yes,northwest,bike,4,2,763,0.89,family,0.91,10638.03,12765.64
20,male,28.7,0,no,southwest,truck,3,4,358,0.47,family,0.52,7106.32,15912.47
42,male,32.3,1,yes,northwest,car,24,2,476,0.58,family,0.79,14488.46,17386.15
51,male,38.9,4,no,southeast,bike,29,4,362,0.14,family,0.23,8355.41,13525.74
29,male,31.2,4,yes,southwest,truck,20,1,606,0.1,premium,0.49,8252.21,9902.65
59,female,34.4,0,no,northeast,bike,11,1,545,0.32,family,0.36,14233.85,25058.69
26,female,29.1,4,no,southwest,bike,1,1,588,0.71,family,0.83,9173.48,23999.66
32,male,32.0,4,yes,northeast,car,6,2,631,0.21,family,0.02,14628.62,17554.34
57,female,19.6,4,yes,northwest,bike,26,0,826,0.2,basic,0.24,5241.7,6290.04
42,female,23.6,1,yes,northwest,car,11,2,554,0.47,premium,0.15,8063.45,9676.14
22,male,26.0,0,yes,southeast,truck,27,2,809,0.68,basic,0.86,11661.93,13994.32
28,female,28.4,4,no,northeast,bike,1,3,762,0.74,basic,0.47,13908.57,32946.62
51,male,19.0,4,no,northwest,bike,21,3,498,0.26,premium,0.4,7564.06,13957.2
41,male,21.1,1,yes,northeast,SUV,7,2,570,0.17,basic,0.45,14304.78,17165.74
32,female,24.1,0,yes,northwest,truck,6,4,363,0.95,basic,0.97,10941.21,13129.45
55,male,39.4,2,no,southwest,truck,14,3,529,0.33,basic,0.85,13010.08,30731.11
25,male,25.3,1,yes,northwest,SUV,2,2,548,0.87,premium,0.71,8972.07,10766.48
22,male,28.6,0,no,southeast,SUV,27,0,545,0.88,family,0.29,7121.8,15671.52
65,male,22.3,4,yes,southwest,car,4,4,456,0.8,premium,0.17,14112.35,16934.82
43,male,31.4,0,no,southeast,car,11,1,387,0.25,premium,0.92,14331.36,32479.16
35,male,24.2,0,no,southwest,bike,15,2,612,0.84,premium,0.42,9975.75,23780.19
23,male,22.6,0,no,northeast,bike,18,2,365,0.79,basic,0.28,5064.95,11236.59
54,male,29.4,2,no,southeast,bike,27,4,319,0.64,family,0.47,6097.83,14409.78
65,female,18.1,0,no,northwest,bike,1,3,332,0.4,premium,0.92,10730.28,27059.62
30,female,18.2,2,yes,northeast,car,3,3,372,0.34,premium,0.39,5237.77,6285.32
45,female,22.8,4,no,northwest,truck,3,3,642,0.21,family,0.56,8969.12,17407.27
22,male,18.8,2,yes,southwest,bike,28,1,432,0.56,family,0.8,8033.7,9640.44
30,male,20.4,4,no,southwest,truck,7,4,354,0.63,family,0.43,12143.48,28046.58
34,female,25.5,4,no,northwest,bike,1,4,360,0.42,basic,0.23,5555.79,10550.45
67,female,35.7,2,yes,northwest,SUV,25,3,819,0.53,family,0.99,9887.31,11864.77
57,female,30.6,1,yes,northeast,bike,11,3,571,0.43,basic,0.96,10791.14,12949.37
62,male,29.3,3,yes,northwest,bike,6,0,545,0.68,premium,0.84,11172.91,13407.49
49,female,24.5,0,yes,southeast,bike,20,0,475,0.91,basic,0.69,9051.58,10861.9
46,female,38.5,3,no,southeast,car,3,2,616,0.25,family,0.29,8043.68,13379.86
68,male,26.7,0,yes,northwest,SUV,19,2,430,0.44,basic,0.91,11824.93,14189.92
20,female,19.9,0,no,southeast,bike,2,4,401,0.23,family,0.28,13475.69,23648.49
57,male,31.6,4,yes,northwest,bike,18,4,609,0.66,basic,0.8,11936.18,14323.42
51,male,20.5,0,yes,northeast,truck,12,1,591,0.76,premium,0.92,14321.02,17185.22
57,male,25.6,0,no,southeast,SUV,29,1,794,0.94,basic,0.6,12172.64,31595.3
44,female,29.2,2,no,southeast,bike,10,0,660,0.35,premium,0.8,12646.19,27429.59
30,female,37.2,3,yes,northwest,truck,5,2,637,0.96,family,0.79,6679.03,8014.84
62,male,28.9,2,no,southeast,truck,9,0,309,0.16,premium,0.19,9195.4,12911.26
50,female,33.4,0,no,southwest,car,2,0,348,0.64,family,0.67,9850.55,23249.27
23,female,39.8,4,no,northeast,truck,2,2,786,0.15,family,0.09,7562.93,10182.73
41,female,20.9,2,no,northeast,bike,28,1,620,0.9,premium,0.51,10285.4,25538.65
36,female,24.0,2,no,southeast,car,6,2,432,0.58,premium,0.16,7907.92,14881.12
33,male,26.7,1,no,southeast,car,29,3,382,0.7,basic,0.42,11875.02,27512.05
57,female,27.3,0,no,southwest,bike,10,3,356,0.85,basic,0.83,9702.88,27938.47
45,male,27.0,4,no,southwest,SUV,18,3,675,0.24,premium,0.99,9588.07,22987.4
50,male,38.0,2,yes,southeast,truck,12,4,648,0.13,premium,0.32,14836.43,17803.72
65,female,33.7,2,no,southeast,car,4,1,570,0.89,premium,0.53,8924.45,22293.28
58,male,31.4,4,yes,southwest,SUV,22,1,782,0.38,premium,0.51,8622.95,10347.54
30,female,24.8,0,no,northwest,bike,21,4,410,0.22,family,0.95,8186.04,19761.1
60,female,36.1,1,no,southwest,truck,17,0,375,0.52,premium,0.48,13947.49,28557.49
62,male,39.0,2,no,northwest,truck,15,3,457,0.64,premium,0.7,9967.24,25210.14
42,male,36.1,1,no,northeast,car,6,3,831,0.13,premium,0.92,11000.14,24221.21
59,male,18.0,3,yes,northeast,truck,16,0,628,0.35,premium,0.37,6808.18,8169.82
53,male,32.0,0,yes,southwest,truck,17,2,421,0.13,family,0.9,10409.42,12491.3
44,female,19.1,3,no,northwest,truck,3,2,340,0.48,basic,0.92,7746.48,19761.27
55,female,23.7,3,yes,southwest,truck,10,1,466,0.91,basic,0.93,12306.37,14767.64
24,female,19.3,3,no,southwest,bike,5,4,322,0.98,basic,0.27,13325.28,33350.51
22,male,31.3,0,no,northwest,SUV,14,1,578,0.67,basic,0.4,12148.11,26084.42
60,male,33.1,0,yes,southwest,bike,26,2,768,0.25,basic,0.87,12302.44,14762.93
62,male,20.5,4,yes,northeast,bike,29,0,699,0.92,family,0.36,10124.75,12149.7
68,female,26.4,1,no,southeast,car,21,1,308,0.56,basic,0.6,12121.18,27444.78
48,male,28.0,1,no,southeast,truck,13,3,312,0.24,family,0.12,9226.87,14428.98
40,female,26.1,4,yes,southwest,bike,26,3,351,0.93,family,0.06,11514.89,13817.87
59,male,20.7,4,no,northwest,truck,6,0,508,0.78,basic,0.41,7590.39,16882.55
27,female,27.2,3,yes,northwest,bike,12,2,849,0.76,basic,0.58,5697.57,6837.08
49,female,34.5,4,no,northeast,bike,26,3,701,0.74,basic,0.39,9134.73,20963.29
60,male,19.6,2,no,northwest,car,8,3,490,0.28,premium,0.58,9617.78,19677.98
47,male,19.8,1,yes,northwest,SUV,5,4,350,0.29,family,0.52,7564.07,9076.88
56,female,25.8,4,yes,northeast,SUV,15,1,692,0.72,basic,0.69,12277.1,14732.52
48,female,38.7,2,yes,southwest,bike,27,2,599,0.3,premium,0.65,5735.5,6882.6
35,male,32.7,2,no,southeast,car,16,1,495,0.49,family,0.42,7227.48,14422.44
53,male,32.9,2,no,northeast,truck,1,2,716,0.8,premium,0.42,12485.65,29134.02
19,female,26.0,2,no,southwest,truck,16,3,719,0.81,premium,0.14,9371.24,19802.37
31,male,31.1,3,no,northeast,bike,5,4,821,0.51,basic,0.51,12052.84,26792.26
30,female,18.2,2,yes,southwest,SUV,3,1,655,0.81,family,0.59,10674.86,12809.83
46,female,32.0,3,no,northeast,car,20,3,447,0.85,premium,0.48,14507.13,36562.32
29,male,38.1,3,no,southwest,SUV,15,2,664,0.69,family,0.33,10977.96,23477.47
56,male,31.5,2,no,northeast,truck,13,1,663,0.31,basic,0.72,5148.69,10805.56
19,male,37.2,1,yes,southwest,SUV,24,1,701,0.35,family,0.07,8528.77,10234.52
49,male,33.9,2,no,northeast,truck,16,3,791,0.38,premium,0.91,6430.61,15728.63
30,male,20.7,2,no,southeast,car,23,1,528,0.21,premium,0.02,14246.34,18694.05
63,female,37.9,2,yes,southeast,car,11,4,836,0.35,family,0.96,6040.12,7248.14
44,female,19.5,1,no,northwest,bike,21,4,567,0.29,premium,0.46,8877.07,17561.51
66,male,29.7,0,no,southwest,bike,2,3,704,0.51,premium,0.41,7260.99,15136.26
58,male,21.1,0,yes,northeast,SUV,22,2,310,0.92,premium,0.26,13467.22,16160.66
34,male,18.3,3,no,southwest,car,27,3,619,0.19,basic,0.01,8085.66,11102.42
57,female,27.3,3,no,southeast,car,6,4,425,0.75,basic,0.27,14918.93,33754.08
48,male,24.5,1,no,southwest,bike,26,0,605,0.72,premium,0.11,5386.17,9988.65
51,male,28.7,4,yes,northeast,truck,26,0,810,0.19,family,0.66,6282.77,7539.32
41,female,30.7,0,no,southwest,SUV,27,1,388,0.93,basic,0.32,7246.39,17001.48
62,female,19.0,3,no,northeast,SUV,6,1,654,0.61,family,0.77,13111.06,32116.85
52,male,20.7,0,yes,southeast,bike,14,0,651,0.43,premium,0.21,13785.17,16542.2
65,male,30.3,1,yes,southeast,car,25,4,313,0.78,premium,0.9,5714.51,6857.41
23,male,25.5,1,no,southeast,bike,11,1,556,0.33,family,0.52,5324.6,10273.28
36,female,34.0,4,no,northwest,bike,8,3,508,0.72,basic,0.11,12445.57,25067.87
47,male,32.4,4,no,southeast,bike,8,3,580,0.14,family,0.4,6333.52,10874.65
24,male,36.6,1,no,southwest,bike,1,4,742,0.86,family,0.21,6329.99,14437.44
27,male,33.2,3,yes,northwest,truck,21,1,688,0.5,premium,0.2,5223.67,6268.4
58,female,27.5,0,no,southeast,truck,7,3,782,0.67,basic,0.51,5498.08,12847.91
49,female,32.8,2,yes,southwest,car,6,1,446,0.3,family,0.67,7636.75,9164.1
51,male,24.1,4,yes,southwest,bike,21,1,578,0.71,basic,0.91,5650.05,6780.06
45,male,24.7,2,no,southwest,truck,8,3,820,0.8,premium,0.5,8688.79,21313.6
32,female,35.4,3,no,northeast,car,19,0,733,0.53,basic,0.97,13327.75,33475.31
47,female,27.8,4,yes,northwest,bike,22,3,443,0.66,premium,0.94,8263.2,9915.84
54,female,35.6,2,yes,southwest,SUV,21,4,588,0.51,basic,0.87,12278.34,14734.01
46,female,36.1,3,no,northeast,truck,24,2,685,0.9,family,0.5,5939.1,14945.75
39,female,36.9,0,yes,southeast,car,20,3,313,0.55,premium,0.14,11593.75,13912.5
21,female,38.2,3,no,southwest,SUV,8,1,556,0.86,family,0.22,8167.47,17636.83
37,female,27.5,4,no,northeast,bike,26,1,645,0.82,premium,0.65,12497.53,31749.97
49,female,25.0,1,yes,southwest,bike,14,3,644,0.47,basic,0.42,6362.52,7635.02
53,female,30.8,0,yes,northwest,bike,18,2,699,0.31,basic,0.15,13978.83,16774.6
67,male,26.2,2,no,northwest,truck,25,3,506,0.47,premium,0.48,7425.77,15849.56
21,male,31.2,4,yes,southeast,car,29,2,471,0.84,premium,0.02,8531.38,10237.66
44,male,33.5,1,no,southwest,SUV,16,2,763,0.3,premium,0.73,14501.81,31015.02
34,female,33.1,3,no,northeast,car,9,4,569,0.57,basic,0.07,10784.82,20147.12
29,male,26.2,1,no,southeast,truck,15,1,520,0.83,premium,0.63,8657.72,22016.58
39,female,21.7,4,yes,southwest,car,26,1,451,0.42,premium,0.79,14496.02,17395.22
34,female,27.5,4,no,southeast,truck,10,2,482,0.68,family,0.13,8290.77,16140.47
27,male,21.1,1,no,northeast,bike,29,1,698,0.32,premium,0.52,5948.71,11333.48
18,female,37.6,3,no,southeast,SUV,22,0,371,0.2,family,0.78,14968.49,30354.6
39,male,25.6,1,no,southeast,bike,16,2,717,0.81,family,0.26,7678.45,16764.36
43,male,21.4,4,no,southeast,car,4,1,582,0.19,family,0.16,13512.58,19279.75
35,male,18.6,4,no,southwest,bike,20,0,373,0.34,basic,0.34,6655.41,11498.55
67,female,32.2,2,no,northeast,SUV,13,4,654,0.87,family,0.55,12313.54,32502.82
31,male,32.0,2,no,northwest,bike,22,1,796,0.41,premium,0.58,10244.49,20954.08
64,female,25.5,0,no,southwest,SUV,5,0,627,0.98,basic,0.13,14809.07,31577.38
46,male,19.6,4,no,northwest,SUV,22,3,834,0.98,basic,0.46,10528.3,27285.14
29,male,27.0,2,no,northwest,bike,7,3,746,0.34,basic,0.27,5250.15,9294.87
53,male,24.8,1,yes,southwest,truck,23,0,672,0.14,basic,0.84,11038.78,13246.54
52,female,32.9,3,no,southwest,car,9,2,661,0.73,basic,0.31,6453.16,13931.73
69,female,31.3,1,no,northeast,truck,8,2,392,0.51,basic,0.84,12985.41,32408.99
29,female,26.0,3,no,northeast,truck,29,1,620,0.19,basic,0.43,13565.68,22966.7
24,male,22.8,2,yes,southeast,bike,16,3,623,0.74,family,0.73,9820.94,11785.13
46,male,39.7,0,no,northwest,car,6,2,683,0.13,premium,0.51,12832.21,22542.34
28,female,28.0,1,yes,northeast,car,28,2,645,0.88,premium,0.62,6451.11,7741.33
50,female,33.1,1,no,southeast,truck,16,3,402,0.22,family,0.4,9920.78,18004.23
23,female,21.1,1,no,northeast,bike,6,4,514,0.21,family,0.77,8939.44,19788.34
64,female,28.7,3,yes,southwest,car,14,2,491,0.26,basic,0.43,11113.17,13335.8
32,female,18.6,2,no,northeast,truck,21,0,493,0.96,basic,0.46,5444.77,13370.72
49,female,29.1,1,yes,northwest,car,1,1,679,0.72,family,0.52,12521.23,15025.48
68,male,39.2,1,yes,northeast,bike,25,2,702,0.82,basic,0.83,5791.29,6949.55
28,female,26.5,0,no,northwest,bike,9,2,310,0.46,premium,0.66,11564.72,26298.17
40,male,18.9,0,no,southwest,bike,25,4,486,0.4,premium,0.35,5184.57,10298.63
43,male,18.7,2,no,northwest,car,27,0,314,0.31,basic,0.67,13318.88,27085.27
51,female,26.5,2,no,northeast,SUV,24,1,596,0.53,basic,0.64,6747.0,15149.71
63,female,21.5,4,yes,southeast,car,13,2,710,0.6,basic,0.93,10154.97,12185.96
51,male,18.5,0,yes,southwest,SUV,26,1,351,0.67,premium,0.84,7614.93,9137.92
46,female,34.6,4,no,northeast,bike,29,3,327,0.33,basic,0.65,12226.47,26681.83
21,female,28.1,3,yes,southwest,truck,19,2,316,0.95,family,0.34,8213.51,9856.21
34,male,24.4,4,yes,southwest,SUV,17,2,650,0.25,basic,0.78,12246.09,14695.31
52,male,37.8,1,no,northeast,bike,11,3,727,0.97,family,0.58,7848.71,21288.06
30,male,20.6,4,yes,northeast,bike,28,4,528,0.11,basic,0.99,12524.73,15029.68
58,female,39.0,2,yes,southeast,SUV,28,2,509,0.53,basic,0.25,5306.05,6367.26
56,male,24.9,3,no,southwest,truck,8,1,730,0.4,premium,0.08,7833.11,12078.66
32,female,37.5,1,yes,southwest,bike,23,0,593,0.5,family,0.07,9986.34,11983.61
46,male,31.3,4,no,northeast,SUV,29,1,403,0.61,family,0.64,5450.6,12780.02
46,male,36.2,3,yes,northwest,truck,5,4,503,0.49,family,0.94,6860.34,8232.41
28,male,39.6,3,no,northeast,truck,10,0,352,0.47,premium,0.0,14345.37,21802.09
69,female,24.3,1,yes,southwest,bike,7,1,674,0.76,family,0.73,14768.34,17722.01
49,female,39.1,4,yes,northeast,car,10,1,353,0.72,premium,0.66,12397.5,14877.0
19,male,26.6,3,no,southeast,car,4,3,575,0.85,basic,0.73,7522.0,20741.91
64,male,26.5,3,no,northwest,bike,9,4,634,0.32,basic,0.36,7605.17,14461.99
31,male,25.5,0,no,northeast,truck,27,3,330,0.65,family,0.82,11457.9,30615.51
37,female,29.9,3,no,southeast,bike,26,0,434,0.63,basic,0.04,6176.0,10570.84
39,male,21.4,0,yes,southwest,SUV,14,3,357,0.43,basic,0.76,14483.09,17379.71
28,female,30.2,4,yes,northeast,car,2,4,404,0.54,family,0.27,7248.13,8697.76
44,male,29.9,4,yes,southwest,SUV,25,2,565,0.38,basic,0.48,14996.36,17995.63
20,male,34.8,4,no,southeast,bike,9,2,821,0.23,family,0.82,9957.34,21437.16
34,male,36.3,2,yes,southwest,bike,21,0,795,0.29,family,0.27,12714.3,15257.16
61,male,27.7,4,yes,southeast,truck,27,2,552,0.19,basic,0.19,5021.84,6026.21
45,male,24.7,3,no,southeast,truck,1,3,594,0.71,basic,0.68,13887.46,35629.67
46,male,23.7,1,no,southeast,truck,23,0,457,0.69,basic,0.53,7700.02,17396.66
38,female,22.3,0,yes,northeast,SUV,10,4,848,0.96,basic,0.51,11679.37,14015.24
64,male,19.3,2,no,southwest,truck,10,0,366,0.76,basic,0.26,13063.55,27020.65
33,female,25.5,4,yes,southwest,bike,20,0,598,0.15,premium,0.03,6641.48,7969.78
54,male,23.9,4,yes,northwest,truck,25,1,762,0.9,basic,0.41,9425.09,11310.11
37,male,39.3,1,no,northwest,car,22,1,400,0.88,premium,0.11,9938.36,20721.48
23,female,30.3,1,yes,northwest,truck,29,0,355,0.5,family,0.91,8121.19,9745.43
36,male,25.6,2,no,northwest,SUV,3,2,631,0.63,basic,0.04,9817.56,17592.09
22,female,30.8,0,no,southwest,car,6,1,692,0.98,basic,0.43,8175.46,20240.8
20,female,21.1,4,yes,southeast,car,29,4,680,0.58,basic,0.05,8607.48,10328.98
18,male,27.8,2,yes,southeast,car,26,3,391,0.91,family,0.1,11693.31,14031.97
55,female,31.8,3,yes,northeast,SUV,6,1,746,0.17,premium,0.66,11325.93,13591.12
32,female,28.8,3,no,southeast,bike,21,0,408,0.27,premium,0.65,7322.66,14383.17
51,male,26.8,2,yes,southwest,truck,2,2,616,0.5,basic,0.03,13974.83,16769.8
52,female,39.9,4,no,southwest,car,26,3,467,0.63,basic,0.0,13627.89,24779.59
66,male,37.4,2,no,southwest,car,26,1,734,0.83,basic,0.08,10090.83,19895.08
42,male,31.7,4,yes,northeast,car,18,2,741,0.99,basic,0.76,9332.51,11199.01
41,male,30.5,1,no,northwest,bike,23,2,517,0.45,family,0.58,8768.56,18969.03
29,male,31.7,2,yes,southeast,bike,2,2,521,0.14,basic,0.04,12072.68,14487.22
35,female,22.4,4,yes,southwest,SUV,12,0,827,0.82,family,0.49,11716.66,14059.99
32,male,26.7,2,yes,southwest,bike,22,4,577,0.64,basic,0.71,6961.81,8354.17
61,male,18.9,2,yes,northwest,truck,5,2,765,0.28,premium,0.87,11714.58,14057.5
33,female,28.5,4,yes,southwest,SUV,20,3,329,0.55,premium,0.93,7524.31,9029.17
44,male,29.9,4,yes,southeast,SUV,7,1,658,0.77,basic,0.33,5185.58,6222.7
25,male,23.0,0,yes,northeast,truck,24,3,587,0.79,basic,0.14,11992.09,14390.51
63,female,39.2,2,no,southwest,truck,16,0,385,0.55,family,0.24,11447.94,21024.14
42,female,38.0,3,yes,southeast,truck,20,0,533,0.37,basic,0.78,9108.09,10929.71
34,female,33.9,2,no,southwest,SUV,1,3,612,0.98,basic,0.97,10256.86,32040.38
46,female,29.7,2,no,northwest,SUV,1,4,664,0.7,basic,0.47,14471.69,34567.08
25,female,37.1,4,no,southwest,SUV,17,0,568,0.47,premium,0.31,10952.0,19803.41
32,female,20.9,2,yes,southwest,truck,27,0,430,0.35,family,0.43,11578.84,13894.61
44,female,35.4,2,no,northeast,truck,1,3,650,0.76,premium,0.3,5639.11,12575.22
63,male,20.7,3,no,northwest,car,21,0,479,0.32,family,0.26,6659.94,10769.79
67,female,35.5,4,yes,northwest,bike,20,4,779,0.25,premium,0.59,8009.52,9611.42
69,female,24.1,2,yes,northeast,car,13,4,462,0.58,basic,0.02,10393.79,12472.55
24,female,37.3,1,no,southwest,truck,9,4,395,0.36,premium,0.26,12765.91,23814.81
20,male,38.8,0,yes,southeast,SUV,15,1,809,0.67,premium,0.66,8212.41,9854.89
46,male,21.3,3,yes,northwest,truck,3,4,664,0.21,family,0.03,8563.82,10276.58
61,female,28.2,2,yes,northwest,bike,14,4,652,0.69,family,0.08,7561.51,9073.81
41,female,39.6,1,yes,southwest,car,23,1,735,0.35,premium,0.29,7546.09,9055.31
20,female,28.6,2,no,southwest,car,11,2,382,0.1,family,0.88,14488.64,30814.44
37,male,37.0,2,yes,northwest,SUV,24,0,524,0.21,family,0.76,11354.57,13625.48
63,male,31.0,4,yes,southwest,car,22,4,711,0.94,family,0.02,6559.01,7870.81
32,female,26.3,4,yes,southeast,car,12,0,417,0.88,family,0.5,12222.49,14666.99
42,male,24.3,4,no,northwest,truck,13,3,781,0.31,family,0.27,12220.21,21225.28
47,female,22.5,1,no,southeast,car,26,0,491,0.8,premium,0.65,11664.7,28997.28
31,male,34.8,2,yes,southeast,car,13,1,406,0.65,family,0.72,6347.2,7616.64
24,male,26.5,0,yes,southwest,car,1,0,681,0.97,basic,0.86,9079.91,10895.89
34,female,29.2,3,no,southeast,SUV,24,0,689,0.44,premium,0.48,6067.56,11747.4
61,female,28.8,4,yes,southwest,SUV,10,0,543,0.71,premium,0.99,13166.21,15799.45
37,female,30.7,4,yes,northeast,truck,3,2,767,0.16,premium,0.98,11551.72,13862.06
53,female,37.0,2,no,southwest,car,24,2,837,0.46,family,0.88,10072.04,24588.87
26,male,39.6,2,yes,southeast,SUV,28,3,509,0.97,basic,0.57,8430.15,10116.18
55,male,27.0,1,yes,northeast,SUV,4,1,372,0.59,family,0.4,6842.49,8210.99
65,male,36.2,1,no,southwest,truck,16,0,608,0.36,premium,0.36,6064.48,10577.67
39,female,34.8,4,no,southeast,bike,8,0,485,0.21,premium,0.01,14692.41,18461.01
19,male,30.6,2,yes,northwest,car,16,0,552,0.73,premium,0.25,6996.49,8395.79
41,female,39.0,0,no,northwest,SUV,27,0,312,0.68,premium,0.72,5598.75,13738.21
25,male,22.4,3,yes,southwest,truck,17,2,598,0.44,family,0.6,14616.67,17540.0
28,female,20.4,2,yes,southwest,truck,19,3,375,0.96,basic,0.92,10489.52,12587.42
30,female,36.8,2,yes,northwest,truck,22,4,350,0.12,basic,0.05,12966.57,15559.88
34,male,27.7,1,no,southeast,SUV,15,1,448,0.37,premium,0.16,5437.66,8810.1
25,female,36.6,3,no,southeast,car,16,0,421,0.93,basic,0.79,10669.46,29478.65
38,female,37.6,4,yes,southeast,bike,15,3,510,0.39,premium,0.36,8982.1,10778.52
35,male,19.4,2,yes,southwest,car,25,4,579,0.33,premium,0.12,12719.64,15263.57
47,female,37.4,4,no,northeast,truck,2,3,837,0.58,basic,1.0,5384.26,14706.03
35,female,27.9,2,no,northeast,truck,11,2,455,0.84,premium,0.79,9016.91,24972.33
63,female,29.2,4,no,northeast,bike,1,4,537,0.19,basic,0.41,12990.73,23789.92
64,male,31.8,3,yes,northeast,car,15,3,675,0.95,premium,0.82,10226.97,12272.36
48,male,38.4,1,no,northeast,truck,26,2,381,0.82,basic,0.68,10500.39,27793.48
55,female,18.4,3,no,southwest,truck,19,3,791,0.26,premium,0.79,5971.65,13172.86
49,male,28.5,0,yes,southwest,car,4,3,655,0.74,basic,0.82,6323.31,7587.97
28,female,33.1,1,yes,northeast,truck,11,4,572,0.45,premium,0.08,11770.0,14124.0
62,female,33.9,3,yes,southwest,car,5,2,343,0.46,premium,0.62,11750.47,14100.56
42,female,33.2,0,no,southwest,truck,3,0,422,0.8,premium,0.01,14791.03,27404.82
50,female,21.0,2,yes,northeast,car,13,1,648,0.97,basic,0.04,12119.53,14543.44
55,female,24.6,2,yes,southeast,bike,10,4,629,0.21,family,0.9,9932.43,11918.92
58,male,25.9,4,yes,southwest,truck,11,2,708,0.48,premium,0.53,13573.28,16287.94
25,female,35.7,1,yes,southeast,bike,18,3,622,0.53,premium,0.74,6044.73,7253.68
28,male,24.1,2,no,southwest,truck,2,2,410,0.44,basic,0.84,9492.96,23010.94
39,male,22.6,1,yes,southwest,truck,7,1,388,0.43,premium,0.95,7871.09,9445.31
68,female,39.1,2,no,northeast,SUV,9,1,732,0.15,premium,0.87,6046.38,12587.35
41,female,18.2,4,no,southwest,car,10,0,398,0.72,premium,0.48,12635.02,28368.15
58,male,40.0,3,no,northwest,bike,18,0,838,0.49,premium,0.34,10107.92,18509.62
34,male,32.9,4,yes,northwest,bike,23,1,445,0.28,family,0.15,10567.69,12681.23
29,male,36.2,0,no,northeast,bike,7,4,556,0.83,family,0.4,9112.55,22411.41
63,female,24.5,2,yes,southeast,car,27,4,488,0.82,premium,0.37,9603.37,11524.04
49,male,18.3,0,yes,southeast,SUV,7,3,539,0.54,premium,0.56,6160.17,7392.2
32,female,34.2,0,yes,southeast,bike,3,0,802,0.37,premium,0.67,11729.18,14075.02
33,female,36.4,1,no,northwest,car,12,3,570,0.67,family,0.98,9324.47,26369.6
39,female,34.3,2,yes,southeast,truck,7,0,819,0.36,family,0.73,13167.68,15801.22
45,male,21.1,0,yes,southeast,bike,17,1,849,0.31,basic,0.64,6962.87,8355.44
37,female,34.6,3,yes,northeast,bike,26,4,413,0.76,basic,0.34,7050.55,8460.66
50,female,34.9,0,no,southeast,SUV,1,4,638,0.14,premium,0.03,11457.6,15939.81
27,female,32.5,3,no,northwest,bike,5,1,658,0.19,premium,0.29,13460.03,20852.28
57,female,34.9,1,no,northwest,bike,16,3,633,0.11,family,0.77,9721.98,19946.59
49,female,36.6,0,yes,northwest,truck,15,3,468,0.24,premium,0.21,12269.54,14723.45
67,male,31.5,4,no,northeast,car,2,2,638,0.16,premium,0.71,14993.3,29854.66
50,female,19.9,1,yes,northeast,car,9,0,560,1.0,family,0.58,14902.66,17883.19
19,female,28.7,3,yes,southwest,SUV,7,3,498,0.36,family,0.17,12443.37,14932.04
50,male,19.7,1,no,southeast,truck,4,1,510,0.23,family,0.26,12395.86,19511.08
50,female,27.0,0,yes,northeast,car,20,3,586,0.32,family,0.5,7476.19,8971.43
58,male,27.0,2,no,northwest,truck,18,4,771,0.94,basic,0.42,13335.4,34243.97
30,female,19.5,2,yes,northwest,car,21,0,781,0.57,family,0.78,9051.02,10861.22
47,male,25.7,3,no,northeast,truck,4,2,322,0.43,family,0.73,14619.94,33813.0
50,male,20.4,3,yes,northeast,SUV,28,0,408,0.89,premium,0.57,5814.28,6977.14
30,female,35.8,2,yes,northeast,bike,13,4,595,0.46,premium,0.82,9358.4,11230.08
69,female,38.8,3,yes,southwest,SUV,1,4,305,0.4,premium,0.56,10558.4,12670.08
43,female,19.6,1,yes,northwest,car,28,4,849,0.29,basic,0.96,9051.56,10861.87
39,male,39.0,4,yes,southwest,SUV,24,4,502,0.44,family,0.22,7105.79,8526.95
56,male,29.5,4,no,southwest,bike,3,1,624,0.39,family,0.71,10929.88,23746.26
19,male,24.6,1,yes,southeast,SUV,16,2,543,0.71,basic,0.37,12559.18,15071.02
55,female,19.7,4,no,northwest,car,22,4,626,0.36,family,0.28,11448.39,21321.48
56,male,29.0,0,no,northwest,car,4,4,346,0.62,premium,0.18,7344.49,15059.14
43,male,35.5,1,no,northeast,SUV,25,3,312,0.16,basic,0.55,12316.08,23570.51
63,female,33.6,3,yes,northeast,bike,23,2,679,0.27,family,0.22,7568.98,9082.78
67,male,19.1,1,yes,southeast,SUV,25,0,664,0.47,basic,0.2,6752.02,8102.42
32,male,19.6,2,yes,southwest,bike,16,2,641,0.94,basic,0.99,11906.68,14288.02
51,female,26.9,3,no,northeast,truck,26,2,520,0.44,family,0.8,13427.87,31864.34
59,male,24.5,2,yes,northeast,bike,19,2,372,0.7,premium,0.75,9815.39,11778.47
61,female,23.1,3,yes,northwest,truck,1,4,345,0.33,family,0.79,10313.92,12376.7
66,female,24.2,4,no,northwest,SUV,5,4,803,0.21,family,0.97,8027.48,19143.13
57,female,35.7,1,no,northeast,bike,19,1,573,0.15,premium,0.57,9946.18,17880.25
28,female,38.4,0,no,northwest,truck,22,0,507,0.37,family,0.22,6319.83,10265.3
20,female,26.9,3,no,southeast,truck,24,3,423,0.24,family,0.86,14558.31,33377.84
23,male,37.9,3,no,northeast,truck,11,2,309,0.26,family,0.74,13003.61,28011.08
26,male,25.1,2,no,northwest,car,13,0,628,0.78,basic,0.41,11679.73,25837.9
23,female,28.5,4,yes,southeast,SUV,20,0,486,0.11,basic,0.47,10381.94,12458.33
26,female,23.0,2,no,northwest,truck,5,1,842,0.6,basic,0.41,12921.69,26629.02
56,male,32.1,2,yes,northwest,bike,21,3,359,0.44,family,0.93,9947.57,11937.08
48,female,39.5,4,yes,northwest,truck,4,2,741,0.56,premium,0.34,7999.74,9599.69
49,female,31.3,0,yes,northeast,car,4,3,516,0.61,basic,0.96,6603.74,7924.49
58,female,25.9,2,no,southwest,SUV,4,1,301,0.38,premium,0.91,11475.86,27483.54
67,male,32.3,2,yes,northwest,car,4,4,835,0.37,family,0.63,14294.26,17153.11
29,male,20.7,3,no,southeast,car,20,0,655,0.76,basic,0.58,6536.19,15422.14
25,female,37.6,4,no,northeast,car,21,2,464,0.88,family,0.37,6800.18,16242.91
25,female,29.1,1,yes,northeast,bike,18,4,390,0.27,premium,0.02,9336.06,11203.27
67,male,27.9,0,no,southeast,SUV,18,1,466,0.19,basic,0.13,13068.99,18406.37
45,male,30.9,0,yes,northwest,SUV,16,3,506,0.91,basic,0.75,7939.23,9527.08
37,female,31.7,4,yes,southwest,bike,9,0,581,0.41,basic,0.47,7539.13,9046.96
64,female,19.6,3,no,northwest,SUV,18,2,364,0.6,basic,0.15,11199.66,21263.67
24,male,33.0,3,yes,southeast,car,22,4,815,0.42,premium,0.26,10356.15,12427.38
28,male,23.3,4,yes,northeast,SUV,2,4,456,0.21,basic,0.95,5602.2,6722.64
37,male,33.7,3,yes,southwest,bike,21,0,605,0.63,family,0.37,5814.9,6977.88
33,female,36.1,0,no,northeast,car,4,3,694,0.57,basic,0.91,11430.13,30239.55
21,male,35.7,0,yes,southeast,bike,12,1,373,0.28,premium,0.3,9651.24,11581.49
23,female,30.2,1,no,northwest,truck,7,3,486,0.51,basic,0.54,14709.77,32896.93
39,male,29.4,4,no,southwest,car,15,3,636,0.82,premium,0.02,11785.31,23704.97
43,male,21.1,2,yes,northeast,car,7,3,539,0.63,premium,0.52,5100.74,6120.89
20,male,35.1,2,yes,northeast,SUV,29,0,832,0.19,family,0.64,9810.19,11772.23
58,male,24.0,1,no,northeast,car,22,0,440,0.59,basic,0.23,9144.48,17017.88
59,female,28.9,1,no,northwest,bike,26,1,564,0.73,basic,0.58,6067.14,14491.97
31,female,24.3,3,yes,southwest,SUV,21,3,438,0.81,basic,0.65,14232.09,17078.51
28,male,20.9,1,yes,northwest,truck,17,0,758,0.67,family,0.69,13050.11,15660.13
35,female,31.9,1,no,northwest,bike,16,1,369,0.24,family,0.78,7300.86,15463.95
29,male,19.2,2,no,northwest,truck,28,1,684,0.74,premium,0.31,7559.81,16001.09
40,male,34.5,3,no,southeast,truck,19,3,497,0.71,premium,0.57,5320.18,13115.84
29,male,25.0,1,no,southeast,truck,9,2,504,0.12,premium,0.98,7967.17,17803.44
30,male,18.0,1,no,southeast,car,14,3,730,0.47,family,0.9,10846.22,27462.63
42,female,29.2,3,yes,southwest,bike,17,2,624,0.4,family,0.95,9208.43,11050.12
62,male,19.0,4,no,northwest,bike,5,1,741,0.7,family,0.39,14692.55,31602.21
68,male,24.1,3,no,northwest,car,2,0,587,0.29,premium,0.79,5560.8,11712.71
36,female,33.6,2,yes,southeast,SUV,20,4,525,0.63,family,0.62,10914.3,13097.16
63,male,19.4,4,yes,northwest,truck,16,1,363,0.92,premium,0.08,13583.09,16299.71
53,male,36.5,0,no,northwest,bike,14,0,797,0.82,premium,0.82,9807.41,25943.54
62,male,18.1,3,no,northeast,car,14,1,359,0.93,basic,0.68,5029.63,13625.77
25,female,23.4,2,yes,northwest,truck,27,3,696,0.98,basic,0.2,7428.01,8913.61
46,male,34.3,4,no,northeast,SUV,1,2,556,0.11,basic,0.08,8237.69,10868.81
49,female,25.0,3,no,northwest,SUV,3,1,538,0.66,premium,0.84,14659.94,37840.24
68,male,20.2,1,yes,southwest,truck,26,0,337,0.47,basic,0.08,14117.73,16941.28
61,male,25.9,3,no,southeast,SUV,7,3,324,0.87,basic,0.09,14491.71,31339.77
35,female,23.9,0,yes,northeast,bike,26,4,709,0.33,basic,0.43,13257.58,15909.1
23,male,36.5,3,yes,southeast,bike,15,3,760,0.98,family,0.13,8516.48,10219.78
35,male,24.9,4,yes,northeast,bike,19,2,716,0.65,premium,0.91,14058.76,16870.51
36,female,35.4,4,yes,northeast,SUV,20,3,656,0.81,basic,0.47,14816.85,17780.22
39,female,37.6,3,no,northeast,bike,2,4,682,0.18,family,0.57,8500.71,16719.2
54,female,27.5,4,yes,southwest,car,19,0,457,0.27,family,0.93,7605.56,9126.67
49,female,38.0,1,no,northwest,bike,9,1,732,0.78,family,0.53,10469.16,24830.75
58,female,26.3,3,no,northeast,bike,19,2,347,0.12,basic,0.35,6871.52,11133.92
20,male,39.2,1,no,southwest,SUV,27,4,627,0.84,family,0.8,5326.24,15245.3
45,female,20.0,1,no,northeast,bike,5,2,732,0.11,premium,0.44,14458.31,24026.82
27,male,33.1,2,no,northwest,truck,18,3,730,0.69,family,0.32,14257.41,30967.09
68,male,28.9,3,yes,northeast,car,16,2,355,0.43,family,0.72,6626.54,7951.85
52,male,26.5,4,yes,southwest,SUV,4,4,567,0.65,family,0.8,9077.4,10892.88
46,female,31.9,1,yes,northwest,car,12,1,368,0.73,family,0.79,13310.36,15972.43
32,female,33.5,2,yes,southwest,truck,29,1,748,0.41,premium,0.98,11610.0,13932.0
50,male,18.1,3,no,northwest,SUV,7,2,556,0.2,basic,0.79,8947.88,18964.14
24,female,21.7,3,yes,northwest,SUV,14,0,789,0.16,premium,0.77,12441.71,14930.05
29,female,33.7,0,no,southeast,bike,23,2,348,0.63,premium,0.86,13970.47,36884.83
66,female,32.7,0,no,southeast,car,12,3,615,0.57,basic,0.0,14261.58,24865.06
47,female,39.3,1,yes,southeast,truck,3,1,712,0.77,family,0.36,8788.5,10546.2
38,male,34.7,0,yes,northwest,truck,5,1,733,0.56,basic,0.74,6735.61,8082.73
48,male,38.9,1,yes,northeast,SUV,17,1,301,0.48,basic,0.6,14128.39,16954.07
41,female,33.5,4,yes,southwest,bike,26,0,444,0.46,premium,0.18,5925.55,7110.66
37,male,24.6,1,no,southwest,SUV,10,0,665,0.12,basic,0.3,12216.88,17573.98
54,female,20.3,0,no,southwest,SUV,10,4,719,0.4,family,0.34,6404.97,12509.55
21,female,35.2,4,yes,southeast,SUV,11,2,743,0.98,premium,0.57,8893.87,10672.64
45,male,32.2,0,no,northwest,SUV,17,2,733,0.89,family,0.83,9115.56,25812.53
61,male,19.1,1,no,southeast,truck,5,3,356,0.4,premium,0.93,6587.58,16662.62
37,male,25.9,2,no,northeast,truck,13,1,477,0.63,family,0.75,14226.81,35101.81
41,female,39.0,3,yes,northwest,SUV,10,0,592,0.86,basic,0.84,5026.68,6032.02
67,male,29.0,0,no,southwest,SUV,9,3,345,0.5,basic,0.47,13938.09,30252.62
66,female,27.5,1,yes,southeast,bike,17,3,469,0.12,basic,0.39,13838.29,16605.95
68,male,28.1,4,yes,southeast,SUV,1,0,570,0.17,family,0.39,8169.64,9803.57
49,male,22.6,0,no,northeast,truck,4,2,716,0.56,premium,0.62,12042.84,27619.05
58,female,26.1,0,no,northeast,car,4,1,438,0.97,premium,0.12,7528.09,16420.27
53,female,26.1,3,yes,southeast,truck,18,2,546,0.72,premium,0.58,12587.74,15105.29
51,female,19.2,1,no,northeast,bike,9,3,447,0.16,basic,0.67,10611.2,21437.81
53,female,34.9,2,no,southwest,truck,25,1,529,0.27,family,0.44,8002.25,14340.83
19,female,27.2,4,yes,northeast,car,29,4,673,0.79,premium,0.95,9002.35,10802.82
32,female,36.1,1,yes,northeast,SUV,29,3,379,0.86,family,0.61,11898.89,14278.67
51,female,36.7,4,yes,southeast,car,18,2,364,0.66,premium,0.22,14060.97,16873.16
53,female,22.7,0,yes,southeast,SUV,14,2,387,0.68,basic,0.48,6307.27,7568.72
23,male,32.5,3,no,northwest,SUV,25,2,387,0.13,family,0.68,10713.64,20959.09
56,female,28.4,3,no,northwest,truck,15,0,503,0.85,premium,0.32,7537.29,16617.46
59,female,37.4,2,yes,southeast,truck,6,3,681,0.81,premium,0.08,13013.72,15616.46
68,male,22.7,3,yes,northeast,truck,24,1,775,0.33,premium,0.58,5702.37,6842.84
68,female,32.9,0,yes,northeast,bike,10,2,838,0.74,premium,0.95,11889.56,14267.47
29,male,31.4,2,no,northwest,truck,29,2,513,0.29,basic,0.49,6749.46,12916.44
20,male,24.5,1,yes,northwest,bike,15,0,373,0.14,premium,0.91,10963.85,13156.62
62,female,21.0,3,no,northwest,truck,29,1,360,0.28,premium,0.84,13356.93,29639.03
35,male,32.3,2,yes,southwest,SUV,4,3,842,0.26,basic,0.15,12550.81,15060.97
57,female,34.2,0,yes,southwest,bike,18,4,518,0.4,premium,0.71,12529.43,15035.32
38,male,24.9,4,yes,northwest,car,18,0,311,0.48,family,0.44,10178.45,12214.14
32,male,32.2,4,no,northeast,bike,25,3,714,0.56,family,0.25,13907.46,27447.76
50,male,26.7,0,no,northwest,bike,17,4,331,0.53,premium,0.69,10881.05,26896.87
52,female,33.7,0,no,southwest,car,12,2,459,0.34,basic,0.74,14175.18,31456.14
43,female,22.4,4,yes,northeast,bike,7,2,536,0.13,basic,0.18,10465.22,12558.26
25,male,37.6,2,no,southwest,SUV,16,1,480,0.64,basic,0.91,10059.66,26527.32
53,male,24.3,4,no,northeast,truck,11,4,640,0.46,premium,0.75,7223.53,17560.4
65,female,26.1,0,yes,southwest,car,14,2,757,0.37,premium,0.93,10447.87,12537.44
47,female,19.3,3,yes,northeast,truck,3,2,379,0.88,family,0.32,6405.85,7687.02
40,male,20.5,1,no,northeast,SUV,19,1,772,0.77,basic,0.94,13696.9,37910.28
59,male,29.3,3,no,northeast,car,18,3,411,0.87,premium,0.37,11758.92,28620.04
61,female,23.9,3,no,northeast,truck,10,2,591,0.55,premium,0.05,14936.35,25778.65
31,female,36.4,0,no,southeast,truck,6,0,682,0.22,premium,0.76,5920.97,11822.99
31,female,18.3,4,yes,southwest,SUV,13,0,316,0.73,basic,0.7,7406.73,8888.08
19,female,26.3,2,yes,southwest,truck,10,3,792,0.29,basic,0.6,13771.59,16525.91
54,female,25.4,3,yes,southeast,SUV,18,4,630,0.5,family,0.49,8952.54,10743.05
22,male,18.4,4,no,northeast,bike,26,1,785,0.16,basic,0.03,9663.03,12044.97
55,female,20.7,2,no,northeast,SUV,20,0,705,0.84,premium,0.62,13606.52,33669.33
62,male,27.1,3,yes,southwest,bike,26,0,416,0.21,family,0.42,10218.23,12261.88
58,female,28.8,2,yes,southeast,car,16,3,414,0.91,basic,0.56,6934.76,8321.71
64,male,26.9,4,no,northeast,truck,25,4,848,0.88,basic,0.43,13920.3,34942.74
31,female,29.7,1,no,northeast,SUV,25,4,846,0.52,basic,0.97,5310.62,14287.69
56,female,31.1,4,yes,northeast,SUV,6,3,635,0.77,basic,0.6,13953.96,16744.75
42,male,18.2,0,yes,northwest,truck,13,0,635,0.66,premium,0.75,5505.2,6606.24
37,male,28.2,2,yes,southeast,truck,4,1,446,0.82,basic,0.94,11658.49,13990.19
19,female,39.2,1,no,northeast,car,23,0,421,0.49,premium,0.59,5716.79,12136.17
56,female,29.4,2,no,northwest,car,14,4,380,0.81,premium,0.01,12062.13,24932.42
23,female,32.9,2,no,southeast,SUV,1,0,674,0.52,premium,0.03,5339.71,8370.53
34,female,24.9,3,no,northeast,car,28,1,362,0.95,family,0.7,13424.58,36901.49
42,female,35.0,0,no,southwest,bike,20,2,803,0.54,premium,0.28,9659.44,18591.52
45,male,35.0,2,no,northwest,car,5,0,748,0.52,basic,0.58,5934.54,12523.07
19,male,29.5,4,yes,northwest,car,8,3,727,0.81,family,0.2,12068.19,14481.83
52,female,39.5,4,yes,northeast,SUV,12,2,726,0.84,basic,0.27,9892.9,11871.48
54,male,20.8,3,no,northeast,bike,2,3,720,0.6,premium,0.5,6909.49,15636.18
22,male,18.4,0,yes,northwest,car,12,3,621,0.26,basic,0.98,5156.72,6188.06
18,male,34.9,0,no,southwest,bike,5,3,465,0.52,family,0.62,9179.98,21375.58
57,female,35.8,4,yes,southwest,bike,22,0,760,0.97,family,0.94,5856.29,7027.55
29,male,20.6,1,no,southeast,bike,5,4,758,0.78,basic,0.96,5941.7,17523.26
53,female,23.8,3,yes,northeast,truck,13,2,488,0.83,basic,0.21,7673.3,9207.96
62,male,18.4,3,yes,southwest,truck,9,1,763,0.13,basic,0.31,11304.58,13565.5
40,female,24.5,4,no,southeast,truck,10,4,678,0.52,family,0.77,10299.11,25821.93
64,male,35.0,4,no,southwest,truck,1,0,301,0.68,premium,0.87,5689.87,14821.54
48,female,29.4,1,yes,northeast,SUV,3,3,663,0.85,basic,0.52,14684.31,17621.17
28,female,25.7,1,yes,southeast,car,18,1,371,0.14,premium,0.99,13871.69,16646.03
27,male,26.2,0,no,southeast,truck,12,2,726,0.87,family,0.01,7592.25,15126.8
20,female,18.0,3,yes,southeast,SUV,29,4,469,0.59,basic,0.3,6223.39,7468.07
31,female,24.6,3,no,southwest,car,3,4,504,0.28,basic,0.62,14424.03,30789.53
33,female,32.2,4,no,northeast,truck,26,1,636,0.39,family,0.47,9611.42,18563.5
27,female,39.4,0,yes,southeast,car,25,0,771,0.35,basic,0.12,8111.67,9734.0
46,female,36.6,3,no,northwest,truck,29,2,494,0.58,premium,0.37,9903.58,20654.91
27,female,18.5,0,yes,northeast,SUV,9,1,574,0.15,family,0.03,12727.44,15272.93
29,female,37.8,0,yes,northwest,bike,26,3,306,0.24,family,0.64,6683.85,8020.62
47,female,35.2,4,no,northwest,bike,2,2,477,0.83,basic,0.89,12674.96,36216.16
58,male,35.2,0,yes,southeast,car,3,4,541,0.22,family,0.88,12494.47,14993.36
18,male,28.1,1,no,southeast,SUV,14,1,502,0.31,basic,0.7,10393.48,21772.26
22,female,26.8,1,no,southwest,bike,4,4,842,0.51,basic,0.47,13658.42,29786.28
37,female,24.7,2,no,southwest,truck,25,4,761,0.57,family,0.51,6321.43,14469.12
25,male,19.4,4,yes,southwest,bike,19,4,379,0.79,basic,0.14,10954.79,13145.75
60,male,23.0,2,no,northeast,car,13,0,822,0.5,premium,0.34,9493.43,17494.49
29,male,23.4,1,yes,southwest,car,7,4,716,0.81,premium,0.19,9222.92,11067.5
18,female,28.6,2,no,northwest,SUV,12,3,683,0.66,basic,0.82,7525.61,19918.03
37,male,34.4,4,no,southwest,car,3,3,690,0.2,premium,0.91,8722.8,19853.09
45,female,28.4,4,no,southeast,bike,23,2,425,0.24,basic,0.54,6081.51,11691.7
60,female,19.3,0,yes,southwest,bike,23,4,793,0.49,premium,0.73,7515.99,9019.19
54,male,39.1,3,yes,northeast,bike,9,4,346,0.46,family,0.12,7719.65,9263.58
64,female,38.7,0,no,northeast,bike,2,1,775,0.77,basic,0.61,12206.68,29753.78
54,female,35.3,4,no,northwest,SUV,29,0,763,0.62,basic,0.7,5485.5,12774.08
29,female,39.8,1,yes,northeast,truck,22,2,422,0.45,basic,0.45,11511.92,13814.3
54,female,30.0,1,yes,southwest,truck,9,4,773,0.25,basic,0.24,7214.1,8656.92
66,male,39.2,0,yes,southeast,SUV,12,1,433,0.3,basic,0.88,5818.62,6982.34
66,male,19.7,4,no,northeast,car,12,0,322,0.62,basic,0.74,8008.06,19321.85
61,female,26.0,1,yes,northwest,truck,15,2,534,0.48,family,0.9,7244.73,8693.68
45,female,23.0,4,no,southwest,car,2,2,358,0.56,family,0.82,10520.32,26607.99
64,male,22.3,1,yes,northwest,truck,18,4,463,0.25,premium,0.99,8573.76,10288.51
32,female,21.1,4,no,northeast,car,13,2,515,0.7,basic,0.19,14659.94,29664.39
23,male,31.7,2,no,northeast,SUV,14,1,482,0.87,premium,0.09,14635.5,29955.94
61,female,35.2,4,no,northwest,bike,5,2,389,0.33,premium,0.34,9437.15,17138.81
37,female,30.7,4,yes,southwest,car,26,3,610,0.54,family,0.13,12950.87,15541.04
67,male,21.2,0,yes,northeast,bike,10,1,556,0.98,premium,0.52,5132.69,6159.23
31,male,35.8,2,yes,southeast,car,12,0,832,0.4,family,0.63,10478.12,12573.74
19,male,32.0,3,no,northeast,car,10,0,832,0.64,premium,0.58,12432.99,27623.62
26,male,26.5,0,no,southwest,car,24,4,351,0.18,basic,0.26,7169.43,12115.62
54,female,32.8,3,yes,northeast,car,11,4,637,0.65,premium,0.91,5611.72,6734.06
37,male,23.7,1,no,northwest,car,25,3,470,0.18,family,0.02,6559.19,9104.16
43,female,25.6,3,no,northeast,bike,2,0,366,0.96,family,0.35,9418.48,22212.54
46,male,38.2,4,no,northeast,car,5,0,599,0.74,family,0.72,10063.71,25009.33
18,male,24.4,3,yes,southwest,bike,7,0,531,0.81,premium,0.77,8808.85,10570.62
52,female,28.3,0,no,northwest,SUV,6,0,367,0.73,premium,0.42,9399.74,20663.45
23,male,37.6,0,yes,southwest,truck,22,2,805,0.63,family,0.02,9702.35,11642.82
54,male,33.6,3,yes,northeast,car,23,1,327,0.5,basic,0.62,12694.37,15233.24
22,male,19.4,0,yes,southeast,truck,3,1,350,0.87,basic,0.06,6052.42,7262.9
50,male,21.2,0,yes,northeast,bike,13,3,559,0.96,premium,0.11,12689.5,15227.4
66,female,18.2,3,yes,southwest,SUV,3,2,483,0.55,premium,0.65,11886.27,14263.52
68,female,31.9,2,no,southeast,SUV,26,0,322,0.94,family,0.31,12416.61,28592.97
31,male,27.8,2,yes,southwest,SUV,25,0,428,0.62,premium,0.35,12344.68,14813.62
29,male,21.0,1,yes,southwest,truck,24,4,590,0.58,premium,0.49,9705.92,11647.1
59,male,39.1,0,yes,northwest,bike,21,4,800,0.51,family,0.98,7114.0,8536.8
37,female,29.7,3,no,southeast,car,6,3,485,0.29,family,0.97,10366.29,25361.13
67,female,23.3,0,no,northeast,car,11,0,778,0.1,premium,0.42,14579.82,22266.3
41,female,29.0,4,no,southwest,bike,28,3,791,0.32,basic,0.27,10885.26,19004.58
60,female,33.0,0,no,northeast,truck,26,2,812,0.56,premium,0.3,5110.47,10035.94
51,male,19.7,0,yes,northwest,car,17,1,366,0.44,basic,0.27,5597.11,6716.53
42,male,24.0,2,yes,northwest,bike,10,0,766,0.5,basic,0.53,14928.63,17914.36
67,male,35.8,3,no,southeast,car,12,2,584,0.98,basic,0.61,5719.46,15537.49
46,female,28.1,0,no,northwest,SUV,17,0,716,0.42,family,0.49,5460.45,10502.63
56,male,30.0,2,no,northwest,car,4,4,399,0.51,family,0.41,8530.24,18468.82
48,female,27.5,1,no,northeast,truck,2,3,488,0.22,family,0.21,14693.17,23747.1
64,female,19.0,2,yes,northwest,bike,11,4,687,0.14,premium,0.48,8186.75,9824.1
60,male,21.6,2,no,northwest,truck,7,1,540,0.8,family,0.34,9098.84,20208.52
67,male,27.8,2,no,southwest,bike,2,4,716,0.61,family,0.54,11340.77,26802.78
40,male,22.6,0,no,northwest,SUV,26,0,475,0.78,premium,0.68,5241.12,13089.7
61,female,19.1,0,no,southwest,bike,18,4,686,0.23,premium,0.63,13977.64,29023.17
55,female,36.6,1,no,northwest,car,21,0,770,0.61,basic,0.46,10194.43,21184.03
37,male,39.6,4,no,northwest,car,4,1,532,0.33,premium,0.56,9668.11,19063.58
40,male,35.4,4,no,southeast,SUV,8,4,751,0.31,premium,0.28,13607.27,24491.73
62,female,36.8,4,yes,southeast,bike,20,3,576,0.11,family,0.02,14530.77,17436.92
69,male,23.3,1,yes,southwest,SUV,14,3,528,0.22,basic,0.63,9234.25,11081.1
33,female,39.1,4,yes,northwest,car,12,3,470,0.38,basic,0.25,6724.41,8069.29
67,female,22.3,4,yes,northeast,truck,22,4,512,0.21,premium,0.67,13157.09,15788.51
59,male,38.9,2,yes,southeast,SUV,21,4,581,0.99,family,0.75,9032.6,10839.12
25,male,39.9,0,yes,northeast,truck,27,4,340,0.38,family,0.92,14355.46,17226.55
67,male,33.7,0,no,southeast,truck,18,0,421,0.22,family,0.96,14498.99,32229.8
38,male,39.6,2,no,southeast,bike,11,1,526,0.28,family,0.01,6148.29,8437.91
18,female,30.5,2,yes,northwest,SUV,29,3,593,0.63,premium,0.99,14565.54,17478.65
25,female,23.7,2,no,southeast,truck,28,0,566,0.16,family,0.68,8682.7,16222.76
46,female,27.6,0,yes,northeast,truck,8,3,840,0.88,basic,0.64,11462.53,13755.04
49,male,31.1,4,no,southeast,bike,2,0,750,0.97,basic,0.02,5347.5,10695.0
55,female,19.6,2,no,southwest,bike,25,4,748,0.32,premium,0.86,13888.84,33197.11
22,male,31.7,1,no,northwest,car,15,3,360,0.51,family,0.15,11415.97,21222.29
64,male,39.6,2,no,northwest,truck,9,4,801,0.12,family,0.84,11435.54,24756.8
39,male,22.2,3,no,southwest,car,19,3,446,0.68,family,0.02,14021.76,26506.74
64,male,35.4,2,no,southwest,truck,20,2,633,0.47,family,0.65,10083.47,22604.11
51,male,38.0,0,yes,southwest,car,8,0,441,0.34,premium,0.43,9105.17,10926.2
18,male,38.8,2,yes,southeast,bike,25,2,343,0.29,family,0.2,13661.29,16393.55
43,female,39.1,3,no,northwest,SUV,19,0,443,0.69,premium,0.11,12424.21,22869.24
60,male,29.5,1,yes,southwest,bike,5,1,632,0.47,family,0.44,14489.76,17387.71
27,female,39.5,4,no,southeast,car,11,3,796,0.26,family,0.12,14401.22,22111.63
47,female,34.7,2,yes,southwest,car,15,1,695,0.72,basic,0.49,8823.26,10587.91
67,male,21.6,3,no,northeast,SUV,8,1,354,0.61,premium,0.63,9469.86,22155.68
35,male,28.5,3,yes,northeast,truck,19,0,606,0.87,basic,0.83,7559.85,9071.82
34,male,33.8,1,no,northwest,car,23,2,722,0.21,premium,0.68,11606.48,23245.46
43,female,23.4,0,yes,southeast,car,27,4,716,0.81,family,0.07,8645.42,10374.5
25,male,32.1,2,no,northeast,car,8,0,624,0.71,family,0.31,12861.01,26269.9
64,female,32.7,3,yes,northeast,SUV,26,4,379,0.2,premium,0.29,6215.51,7458.61
57,male,21.6,1,no,southeast,bike,27,1,330,0.73,basic,0.92,6164.03,16963.41
66,male,30.4,4,no,southwest,car,19,4,411,0.5,premium,0.87,7044.55,18413.75
29,female,35.0,3,no,southeast,SUV,18,2,771,0.95,premium,0.37,5842.92,14186.03
44,female,29.0,1,yes,southwest,car,10,0,373,0.23,family,0.07,11200.32,13440.38
25,male,18.3,0,yes,northeast,truck,29,2,778,0.68,basic,0.89,6473.53,7768.24
42,female,18.2,0,yes,northeast,SUV,7,2,686,0.44,premium,0.89,6599.63,7919.56
63,female,25.9,3,no,northeast,car,28,0,732,0.96,basic,0.85,5142.28,14510.49
21,female,38.4,3,yes,northwest,SUV,9,2,711,0.4,basic,0.85,12820.9,15385.08
50,female,23.0,2,no,northwest,car,1,3,766,0.97,premium,0.48,13122.96,34229.93
18,female,32.0,1,yes,northwest,bike,19,3,547,0.91,basic,0.18,6620.22,7944.26
36,male,22.9,3,yes,southeast,car,5,3,419,0.34,family,0.48,12395.24,14874.29
48,male,25.1,2,yes,northeast,SUV,19,4,366,0.82,family,0.49,9335.45,11202.54
33,female,36.7,2,yes,northeast,truck,1,2,626,1.0,family,0.49,7395.95,8875.14
31,male,34.0,3,no,southeast,truck,15,0,769,0.33,family,0.54,11213.85,21060.73
65,male,20.1,0,yes,northwest,truck,16,0,792,0.49,basic,0.26,6784.84,8141.81
22,female,27.4,1,yes,southeast,car,23,4,585,0.57,family,0.37,12568.84,15082.61
58,male,18.6,1,no,northwest,bike,7,0,611,0.37,premium,0.43,5476.15,9987.95
43,female,28.6,0,no,northeast,car,26,3,608,0.11,family,0.13,14591.31,20635.03
45,female,32.6,3,yes,southwest,truck,12,2,396,0.3,premium,0.46,5718.75,6862.5
19,male,20.6,1,yes,northwest,SUV,8,0,412,0.35,premium,0.81,10794.48,12953.38
67,female,24.4,3,no,northeast,truck,5,0,755,0.5,family,0.83,14021.94,32804.33
23,female,26.8,3,no,northeast,SUV,10,1,762,0.25,family,0.41,5119.04,8798.61
26,female,38.2,2,no,southwest,bike,28,1,431,0.89,basic,0.52,9985.14,24981.82
50,female,39.9,0,yes,northeast,SUV,21,1,420,0.73,premium,0.03,8500.07,10200.08
58,female,19.0,3,yes,northeast,car,5,2,496,0.18,family,0.67,10803.32,12963.98
42,male,34.7,4,yes,northwest,car,17,3,781,0.69,basic,0.4,7254.57,8705.48
65,male,26.2,0,no,northwest,car,26,3,338,0.69,family,0.45,5648.99,13225.42
30,female,26.6,1,no,southwest,SUV,5,3,811,0.96,family,0.87,11259.33,33596.71
26,female,34.6,2,no,southwest,car,22,2,773,0.1,family,0.46,9168.49,15290.29
30,male,38.2,1,yes,northeast,car,15,2,460,0.32,premium,0.02,11224.86,13469.83
48,female,38.9,1,no,northwest,car,13,1,588,0.94,family,0.23,7105.39,15960.13
58,male,30.7,0,yes,southwest,bike,28,0,499,0.94,basic,0.48,8387.41,10064.89
28,female,25.9,1,no,southwest,SUV,1,4,827,0.75,family,0.42,10616.81,25186.26
21,female,35.3,3,yes,southeast,SUV,11,4,802,0.79,family,0.86,10931.13,13117.36
51,female,23.5,1,yes,southwest,truck,23,0,547,0.18,basic,0.54,8723.15,10467.78
55,female,30.4,2,no,northeast,SUV,1,1,682,0.56,basic,0.69,7800.53,18072.27
63,female,25.9,2,yes,northwest,bike,11,0,517,0.31,premium,0.47,7737.01,9284.41
21,female,32.4,4,no,southwest,SUV,18,0,386,0.26,premium,0.44,6746.99,11782.94
55,female,23.3,2,yes,southeast,bike,18,4,381,0.83,premium,0.45,8254.05,9904.86
36,male,22.2,1,no,northwest,bike,21,1,361,0.22,premium,0.41,6994.4,12092.62
23,male,38.2,2,no,southwest,SUV,26,2,799,0.52,basic,0.54,11338.15,24548.23
51,male,20.2,0,yes,southeast,truck,16,4,341,0.94,family,0.25,10690.67,12828.8
35,female,29.1,2,no,southwest,car,13,2,311,0.27,family,0.89,8825.89,20422.23
30,female,22.9,3,yes,northwest,car,7,1,414,0.98,family,0.33,8258.3,9909.96
58,female,18.9,0,no,northwest,SUV,1,0,517,0.99,premium,0.15,7376.14,16030.57
40,female,18.8,4,no,northwest,SUV,26,3,405,0.6,basic,0.1,10354.58,19616.75
36,female,21.9,3,no,northeast,bike,16,3,827,0.25,basic,0.01,14189.03,20039.17
62,female,37.1,1,no,southwest,SUV,1,1,771,0.38,basic,0.42,11857.03,22029.18
28,female,24.2,1,yes,northeast,bike,17,3,686,0.48,family,0.19,12444.15,14932.98
18,male,38.9,1,no,northwest,truck,6,2,525,0.38,premium,0.02,13343.78,20449.34
41,female,30.8,3,no,southeast,SUV,2,3,780,0.35,basic,0.52,8516.35,17262.64
24,male,27.6,3,yes,southwest,car,17,1,707,0.98,premium,0.68,5628.76,6754.51
42,male,30.8,3,yes,northeast,car,6,1,756,0.24,basic,0.09,11225.59,13470.71
38,female,29.4,0,yes,southwest,SUV,14,2,320,0.76,premium,0.46,6886.72,8264.06
32,female,34.7,0,yes,southeast,bike,18,3,502,0.1,basic,0.74,10690.44,12828.53
18,male,24.2,1,yes,northeast,car,6,3,716,0.64,premium,0.99,12395.1,14874.12
29,male,25.8,2,yes,northwest,bike,10,0,715,0.92,basic,0.67,12836.38,15403.66
24,female,37.7,1,no,northeast,SUV,24,4,747,0.36,basic,0.24,8018.39,14515.69
32,female,38.8,4,yes,southwest,SUV,18,1,811,0.27,premium,0.72,10124.33,12149.2
38,male,37.6,0,no,southwest,car,27,0,384,0.69,premium,0.6,11209.65,26192.47
36,female,27.2,3,yes,southwest,SUV,9,1,466,0.74,family,0.21,13194.81,15833.77
46,female,35.2,0,no,southwest,truck,8,0,683,0.72,premium,0.85,12613.89,32628.35
42,female,28.5,3,no,northwest,truck,28,4,767,0.39,basic,0.43,14879.75,30180.6
50,male,28.9,4,no,northeast,car,10,0,371,0.33,basic,0.96,5080.85,11878.52
66,male,22.5,4,yes,northwest,truck,17,1,820,0.96,premium,0.72,9374.89,11249.87
49,male,31.0,0,yes,northwest,bike,23,3,772,0.93,family,0.64,7560.44,9072.53
66,female,22.1,3,yes,northwest,car,29,1,557,0.51,premium,0.73,6198.93,7438.72
52,female,25.3,4,yes,southwest,car,26,2,574,0.86,basic,0.48,14115.15,16938.18
61,male,36.8,1,no,southwest,bike,6,2,319,0.51,basic,0.51,14979.62,32552.21
55,male,22.6,1,yes,southwest,truck,14,2,789,0.48,family,0.85,6805.96,8167.15
43,male,19.6,3,no,northeast,truck,22,2,789,0.24,premium,0.68,5384.33,10909.19
28,female,19.5,0,no,southeast,truck,22,4,625,0.48,basic,0.9,7750.54,20170.78
52,male,38.7,4,yes,southwest,car,6,3,828,0.58,basic,0.89,13348.62,16018.34
25,male,29.2,0,yes,northeast,car,26,3,388,0.12,basic,0.98,7938.9,9526.68
63,female,27.0,1,yes,southwest,truck,7,1,785,0.5,premium,0.7,5569.01,6682.81
31,female,35.8,4,no,southwest,SUV,12,0,649,0.8,premium,0.5,5524.92,12818.37
27,female,36.4,0,yes,northwest,truck,3,1,383,0.71,family,0.17,9274.23,11129.08
19,male,25.3,2,no,northwest,bike,14,1,686,0.67,basic,0.71,14318.26,35028.19
63,female,33.3,3,yes,northwest,car,22,1,386,0.92,basic,0.29,7859.2,9431.04
26,female,35.0,3,no,northeast,bike,19,1,606,0.12,family,0.28,9271.58,13670.02
20,male,32.4,2,yes,southeast,bike,23,3,453,0.6,basic,0.24,6019.34,7223.21
38,female,21.3,1,yes,southeast,car,16,0,739,0.81,family,0.88,9935.73,11922.88
43,male,37.3,4,no,northeast,SUV,7,1,563,0.59,family,0.87,11965.47,30376.74
25,male,29.9,3,yes,southwest,truck,8,3,720,0.39,basic,0.63,7711.5,9253.8
65,female,24.2,2,yes,northeast,bike,18,1,792,0.22,premium,0.47,7967.11,9560.53
19,female,27.4,2,yes,southwest,car,25,2,710,0.9,premium,0.67,13419.75,16103.7
23,female,18.8,1,yes,northeast,bike,13,1,472,0.52,premium,0.61,5103.64,6124.37
45,female,20.8,1,yes,northeast,truck,21,1,303,0.89,premium,0.42,11364.71,13637.65
46,female,34.8,0,yes,northeast,SUV,9,4,771,0.63,basic,0.38,8938.85,10726.62
43,female,18.0,3,yes,southeast,SUV,10,2,409,0.71,family,0.38,7983.81,9580.57
42,male,27.2,0,no,northwest,SUV,21,0,336,0.82,family,0.59,11575.94,28493.02
29,male,29.5,2,no,northeast,car,23,1,330,0.69,basic,0.65,13346.69,32592.62
22,female,19.2,4,yes,southeast,car,27,0,680,0.46,premium,0.45,10583.92,12700.7
51,male,39.4,4,yes,northwest,SUV,9,2,567,0.56,family,0.97,5310.95,6373.14
65,female,23.0,1,yes,northwest,truck,15,1,310,0.82,basic,0.08,9614.01,11536.81
54,male,24.7,4,no,northeast,truck,20,4,643,0.44,basic,0.35,9627.6,19358.22
32,male,24.7,4,no,southwest,car,2,3,843,0.45,premium,0.42,10437.98,21092.03
61,male,23.1,4,yes,southwest,SUV,25,4,465,0.19,basic,0.02,11709.59,14051.51
53,female,18.0,2,no,southwest,truck,13,4,641,0.92,family,0.36,5193.18,12987.62
32,male,34.0,4,yes,northeast,truck,2,3,781,0.18,family,0.27,10020.13,12024.16
60,female,39.3,4,yes,southwest,truck,19,3,318,0.68,basic,0.51,10883.08,13059.7
65,male,22.9,4,yes,southeast,car,26,3,483,0.47,family,0.34,8433.53,10120.24
40,male,32.6,0,yes,southeast,SUV,2,1,844,0.47,basic,0.73,11683.65,14020.38
23,male,34.3,2,no,southeast,bike,3,0,309,0.71,family,0.51,7281.78,16559.5
63,male,36.7,1,no,southeast,SUV,6,0,491,0.16,premium,0.13,8173.72,10837.54
67,male,27.3,0,yes,northwest,SUV,3,3,619,0.63,family,0.75,14627.55,17553.06
61,female,24.7,3,no,southeast,car,10,4,774,0.79,premium,0.1,8480.7,17789.12
60,female,25.2,2,no,southwest,truck,24,2,726,0.85,premium,0.84,8465.01,23722.34
62,male,33.7,2,yes,northeast,truck,27,3,358,0.25,basic,0.93,10956.81,13148.17
38,male,36.0,3,no,southwest,car,6,4,735,0.91,premium,0.32,14709.75,35913.85
40,male,22.0,3,yes,southeast,car,23,4,396,0.69,family,0.93,14830.8,17796.96
60,male,26.2,3,yes,northwest,car,16,1,795,0.89,family,0.79,10796.58,12955.9
33,female,37.8,1,yes,southeast,car,17,1,577,0.54,premium,0.92,5010.87,6013.04
64,male,35.7,4,yes,northeast,car,19,0,564,0.59,basic,0.67,14006.57,16807.88
32,female,39.7,2,no,southwest,bike,3,0,308,0.93,premium,0.24,10702.38,23804.23
42,male,34.6,4,yes,northeast,SUV,18,2,756,0.91,family,0.89,8659.96,10391.95
53,female,26.7,4,no,northeast,SUV,7,2,572,0.5,family,0.18,13291.95,24029.19
28,male,31.0,3,yes,northeast,SUV,9,2,307,0.35,premium,0.21,8998.32,10797.98
68,male,32.5,1,yes,southwest,truck,20,2,507,0.45,premium,0.27,5340.45,6408.54
32,female,19.7,0,no,southeast,bike,12,4,422,0.45,premium,0.3,13210.72,26326.32
21,male,30.0,1,yes,northeast,SUV,5,4,332,0.36,family,0.51,10458.59,12550.31
38,male,33.6,4,no,southwest,truck,3,0,812,0.34,family,0.71,8381.44,17213.8
30,male,21.7,1,no,northwest,bike,11,1,503,0.87,family,0.93,7508.92,21660.98
39,female,35.2,3,yes,southwest,bike,25,1,817,0.16,basic,0.09,10937.97,13125.56
36,male,30.8,0,yes,northwest,truck,4,3,816,0.71,family,0.95,7080.5,8496.6
51,male,38.9,3,yes,southwest,bike,5,4,742,0.26,family,0.92,8238.51,9886.21
31,female,18.9,0,yes,southeast,truck,1,2,638,0.41,basic,0.05,11365.3,13638.36
21,female,23.8,4,yes,northeast,SUV,27,2,737,0.16,basic,0.36,13815.44,16578.53
65,female,31.2,0,yes,southeast,truck,28,3,744,0.34,basic,0.81,10328.9,12394.68
69,male,24.5,0,no,southwest,bike,29,1,435,0.79,basic,0.61,12591.06,31370.63
63,male,33.7,0,no,northeast,SUV,18,2,686,0.9,basic,0.78,12630.61,35320.24
44,male,34.7,1,yes,northwest,SUV,12,1,324,0.3,basic,0.72,11643.54,13972.25
46,female,20.3,1,no,southwest,car,13,3,805,0.52,premium,0.5,7458.38,16218.25
64,male,29.3,4,no,northeast,car,9,1,624,0.52,premium,0.04,13667.89,22314.2
45,male,29.2,0,yes,northwest,bike,2,1,637,0.89,premium,0.58,9362.76,11235.31
52,female,26.1,2,yes,northwest,truck,5,1,394,0.79,premium,0.05,5442.11,6530.53
25,female,38.5,4,no,southeast,truck,13,2,844,0.56,family,0.6,7446.13,16832.72
33,female,36.2,0,yes,southwest,bike,16,0,445,0.7,basic,0.8,12655.48,15186.58
59,female,33.3,0,no,northwest,SUV,16,4,530,0.86,family,0.58,5691.33,15207.23
53,female,33.7,1,yes,northeast,bike,24,1,794,0.11,basic,1.0,6473.64,7768.37
47,male,28.2,4,no,northwest,bike,3,1,337,0.46,basic,0.46,11942.27,24138.91
35,female,38.3,0,no,northwest,SUV,22,1,724,0.92,family,0.75,13926.01,38054.21
19,male,33.3,0,no,southeast,truck,4,0,736,0.77,premium,0.67,11337.32,27792.31
66,male,34.0,4,no,southeast,bike,11,3,667,0.59,family,0.99,7222.91,19850.72
30,female,37.0,2,yes,northeast,truck,23,2,644,0.58,family,0.71,5534.14,6640.97
21,female,24.0,4,yes,southeast,bike,26,0,459,0.41,basic,0.16,11151.27,13381.52
43,female,35.8,4,no,northwest,SUV,14,1,849,0.57,basic,0.96,5473.99,14123.44
42,male,22.3,2,no,northwest,SUV,29,0,840,0.69,basic,0.67,11127.22,26271.37
47,female,25.6,4,yes,southeast,car,3,0,443,0.48,premium,0.06,7255.8,8706.96
28,female,25.4,0,yes,northwest,SUV,16,0,644,0.74,family,0.66,14046.56,16855.87
24,female,39.5,4,no,northwest,car,22,3,568,0.88,family,0.88,9750.93,28650.18
48,female,36.8,2,no,northeast,bike,15,4,567,0.24,premium,0.58,7239.38,14828.42
61,female,33.4,3,no,southeast,truck,28,2,468,0.51,family,0.35,13531.45,27038.54
27,male,34.0,4,no,northwest,SUV,10,3,332,0.47,family,0.82,7540.35,18789.04
56,male,30.4,1,no,southeast,SUV,9,3,676,0.72,basic,0.78,8065.99,21515.22
30,male,38.8,0,yes,northeast,SUV,11,4,513,0.32,premium,0.54,13342.78,16011.34
48,female,28.9,0,no,southeast,bike,16,3,739,0.68,basic,0.15,8087.92,16103.86
24,female,26.4,1,yes,northwest,car,10,0,791,0.89,premium,0.25,9101.64,10921.97
66,female,21.6,1,yes,southeast,bike,17,0,692,0.48,basic,0.74,8476.66,10171.99
59,male,35.3,4,yes,northwest,truck,19,1,788,0.92,family,0.81,6164.0,7396.8
59,female,34.2,1,no,northwest,bike,2,3,328,0.99,premium,0.28,5388.96,13322.59
53,female,26.5,3,yes,northwest,truck,24,1,338,0.2,premium,0.37,12245.41,14694.49
37,female,18.6,2,yes,northeast,SUV,23,2,472,0.31,basic,0.08,11451.37,13741.64
21,male,36.5,1,yes,southeast,truck,2,0,316,0.96,premium,0.71,7823.66,9388.39
24,female,18.3,1,yes,northeast,truck,6,2,355,0.96,family,0.0,7955.99,9547.19
18,male,33.5,3,no,southeast,car,19,4,525,0.19,family,0.05,14450.06,21277.71
61,female,39.3,0,no,northeast,truck,8,0,366,0.11,family,0.0,14876.71,17233.18
62,male,27.6,0,yes,southwest,truck,26,2,496,0.24,basic,0.65,9734.35,11681.22
59,male,23.2,4,yes,northwest,bike,29,4,322,1.0,premium,0.42,13024.52,15629.42
64,male,33.5,3,no,northwest,SUV,3,2,536,0.26,basic,0.3,12366.86,20917.31
30,female,36.0,2,no,northeast,bike,26,4,437,0.55,family,0.91,7973.18,21537.95
39,female,30.0,2,no,southwest,bike,14,4,772,0.86,premium,0.19,5585.63,12611.24
38,male,39.3,3,yes,northwest,SUV,25,0,528,0.12,family,0.39,6425.56,7710.67
39,male,19.1,2,no,southeast,SUV,16,1,616,0.64,premium,0.94,13382.94,35510.29
45,female,29.1,0,yes,northeast,truck,1,4,500,0.35,premium,0.43,12312.14,14774.57
26,female,33.8,2,yes,northwest,truck,21,4,557,0.88,basic,0.55,11643.35,13972.02
43,male,37.0,2,no,northwest,car,3,0,779,0.36,premium,0.08,6306.49,9126.12
26,female,21.9,3,yes,northeast,bike,22,1,477,0.72,family,0.79,11399.31,13679.17
32,female,35.6,3,no,northeast,SUV,26,3,422,0.71,premium,0.42,12721.52,29549.55
27,female,30.2,2,yes,southeast,truck,18,3,641,0.3,family,0.8,13606.02,16327.22
41,female,26.7,1,no,southeast,SUV,9,1,470,0.13,basic,0.25,5132.31,7534.23
59,male,20.9,3,yes,northwest,truck,6,2,358,0.47,family,0.42,11844.75,14213.7
25,female,37.0,4,yes,northwest,car,23,0,764,0.36,premium,0.79,5190.98,6229.18
41,female,21.5,4,no,northeast,car,21,1,559,0.83,family,0.97,12068.73,34747.08
33,male,24.8,0,no,northwest,SUV,25,3,672,0.82,family,0.06,11356.21,23255.25
66,male,24.4,2,no,northwest,car,1,4,394,0.51,premium,0.81,6483.48,16634.02
43,female,37.2,1,no,northeast,SUV,21,3,424,0.65,family,0.3,12661.22,27127.93
44,female,32.8,0,yes,northwest,truck,27,4,340,0.64,premium,0.55,5683.48,6820.18
54,female,35.5,2,no,northwest,bike,10,0,553,0.84,basic,0.29,13263.99,28646.24
21,female,23.5,3,no,southwest,car,27,4,306,0.48,family,0.61,7619.29,17862.66
67,male,31.7,4,yes,southeast,truck,6,1,770,0.35,basic,0.35,11888.52,14266.22
41,male,30.6,1,no,northeast,bike,23,4,810,0.34,family,0.33,14236.89,26679.93
36,male,36.3,4,no,southwest,bike,12,2,368,0.58,family,0.04,8398.27,14849.82
53,female,37.9,3,yes,southeast,bike,4,1,380,0.5,basic,0.15,10028.94,12034.73
56,female,18.3,2,no,southeast,truck,28,0,841,0.5,family,0.92,9631.18,23316.12
27,female,32.8,3,no,southeast,truck,13,1,561,0.18,family,1.0,6576.11,14854.77
42,female,19.1,3,no,southwest,SUV,17,2,388,0.75,basic,0.78,10903.12,29178.93
35,male,30.1,4,no,southwest,bike,27,0,507,0.29,family,0.29,12430.02,20065.78
36,male,24.3,1,no,southeast,bike,8,3,512,0.28,premium,0.4,14168.75,26407.72
53,female,24.7,3,no,northwest,bike,26,2,565,0.47,family,0.74,13508.03,31588.53
27,male,25.8,4,yes,northwest,SUV,20,0,592,0.31,family,0.97,10100.19,12120.23
50,female,31.7,1,no,southwest,bike,3,4,506,0.63,family,0.46,12190.17,28334.83
67,female,25.3,2,yes,southwest,truck,12,1,632,0.43,basic,0.83,13007.83,15609.4
22,male,34.1,2,yes,southwest,bike,7,0,376,0.5,premium,0.98,9934.89,11921.87
64,female,26.9,0,yes,southeast,car,12,1,587,0.58,premium,0.87,6154.28,7385.14
66,female,19.5,4,yes,northwest,truck,2,4,346,0.28,family,0.23,9379.31,11255.17
52,male,35.2,1,no,southwest,SUV,24,0,499,0.24,basic,0.01,13424.78,17252.18
61,female,24.3,3,no,southwest,bike,14,3,726,0.89,basic,0.49,10966.41,27881.0
51,female,27.5,2,no,northeast,car,22,2,509,0.49,premium,0.53,12244.58,26376.05
50,male,33.1,1,yes,southeast,SUV,23,0,719,0.47,basic,0.2,6852.68,8223.22
38,female,25.3,4,no,northeast,SUV,5,4,453,0.13,family,0.28,14643.38,24157.18
34,male,19.2,0,no,northwest,truck,9,0,821,0.55,family,0.77,9040.81,21000.9
39,female,26.2,2,no,northeast,SUV,21,1,714,0.6,basic,0.47,11536.36,24613.98
65,male,38.8,1,yes,northeast,SUV,11,0,652,0.6,family,0.32,5188.72,6226.46
54,male,32.1,1,yes,northeast,SUV,5,3,456,0.74,premium,0.62,6273.19,7527.83
32,male,32.8,1,no,southeast,SUV,3,0,560,0.26,family,0.65,12820.34,24858.64
52,female,31.9,4,yes,northwest,bike,27,2,376,0.33,basic,0.77,14679.69,17615.63
45,male,22.4,4,yes,northeast,bike,17,0,787,0.83,premium,0.16,8200.55,9840.66
24,male,27.2,4,no,southeast,bike,2,1,430,0.95,family,0.74,5371.81,14944.38
49,male,34.5,3,yes,northwest,bike,24,0,754,0.22,premium,0.6,8608.67,10330.4
28,male,20.2,1,yes,southwest,car,1,3,462,0.55,basic,0.06,5174.68,6209.62
27,male,24.1,2,no,northeast,bike,7,4,314,0.29,family,0.78,6923.73,16087.98
26,female,24.1,4,yes,northwest,SUV,14,0,531,0.15,family,0.38,12524.72,15029.66
31,female,27.5,4,yes,northeast,bike,5,0,494,0.39,premium,0.33,14370.88,17245.06
30,female,39.6,1,yes,southwest,bike,19,2,841,0.23,family,0.45,5874.49,7049.39
42,female,19.5,4,yes,northwest,truck,28,3,658,0.74,family,0.35,10579.01,12694.81
19,female,29.4,3,yes,southeast,SUV,28,4,630,0.58,family,0.34,7538.81,9046.57
52,female,21.9,3,yes,northwest,bike,11,1,726,0.23,family,0.81,6390.59,7668.71
24,female,39.4,4,yes,southeast,bike,23,0,796,0.11,basic,0.12,7189.8,8627.76
38,male,20.5,1,yes,northwest,bike,25,4,785,0.83,family,0.97,10777.63,12933.16
35,female,26.9,1,no,southeast,car,2,1,748,0.26,premium,0.55,5651.35,10569.15
20,male,34.2,1,no,southwest,bike,8,3,712,0.65,basic,0.18,9342.19,18626.46
59,male,33.5,0,no,southwest,truck,9,3,629,0.4,premium,0.13,6352.28,10812.22
56,female,27.3,4,no,southwest,SUV,27,4,446,0.63,premium,0.59,7726.77,19010.94
58,male,25.6,1,yes,northwest,SUV,3,1,558,0.38,premium,0.63,6907.54,8289.05
66,male,26.7,3,no,southwest,bike,2,3,591,0.18,basic,0.05,13829.75,19443.25
28,male,23.8,2,no,northeast,bike,7,4,442,0.3,basic,0.24,12080.11,21512.26
56,male,22.5,2,yes,southwest,bike,5,3,664,0.27,basic,0.8,13684.63,16421.56
41,female,28.6,1,yes,southeast,SUV,21,3,389,0.49,family,0.05,8834.63,10601.56
63,female,23.9,2,yes,southeast,SUV,26,3,463,0.69,premium,0.86,8134.13,9760.96
36,female,24.3,2,yes,southeast,car,5,2,780,0.34,basic,0.66,8805.87,10567.04
21,female,32.4,0,yes,northwest,truck,20,1,383,0.11,premium,0.43,5185.48,6222.58
43,female,39.3,3,no,northeast,car,13,4,376,0.57,basic,0.35,12247.04,26544.23
55,female,31.3,3,yes,southwest,truck,21,4,816,0.65,basic,0.02,8497.72,10197.26
59,female,19.7,0,no,northeast,car,29,1,784,0.97,basic,0.83,8133.24,23233.41
49,female,19.7,0,no,northeast,SUV,20,1,403,0.63,premium,0.14,10981.41,20477.04
56,female,38.9,2,yes,southeast,car,29,1,751,0.52,family,0.31,9362.5,11235.0
62,female,24.5,4,no,southeast,truck,6,1,786,0.62,basic,0.57,14808.43,33265.66
63,male,20.0,2,no,southeast,bike,20,0,638,0.94,basic,0.25,8562.53,18933.47
53,female,31.2,0,yes,northwest,truck,18,4,777,0.85,basic,0.5,11138.96,13366.75
57,male,31.7,3,no,northeast,bike,25,0,522,0.39,family,0.81,8116.51,18122.54
54,male,32.3,2,no,northeast,SUV,2,3,308,0.31,premium,0.47,14905.95,29576.39
50,male,23.9,4,no,northwest,truck,25,3,352,0.34,premium,0.95,9451.11,23531.37
53,male,18.3,2,yes,northwest,car,26,4,376,0.55,premium,0.85,11341.29,13609.55
20,female,39.2,1,yes,northwest,truck,6,3,802,0.77,premium,0.33,6267.22,7520.66
26,male,23.5,2,yes,northeast,bike,9,1,615,0.55,basic,0.4,12330.24,14796.29
25,female,32.9,0,no,northeast,SUV,25,0,464,0.16,family,0.42,7692.1,12450.43
50,female,33.5,3,yes,southeast,car,3,1,578,0.75,basic,0.63,9486.13,11383.36
23,male,31.4,3,no,southeast,truck,1,3,326,0.83,family,0.29,13831.33,32121.88
58,female,24.9,0,yes,northeast,bike,1,0,369,0.36,premium,0.97,14705.53,17646.64
56,male,24.0,1,no,southeast,car,19,1,517,0.7,family,0.61,9245.72,22127.78
21,male,31.1,0,yes,northwest,SUV,5,4,664,0.48,basic,0.4,13348.03,16017.64
30,female,37.1,2,yes,southwest,car,13,1,605,0.9,basic,0.65,5533.49,6640.19
66,female,38.8,0,no,southeast,SUV,19,3,423,0.86,premium,0.4,13475.74,33051.95
19,male,20.3,0,yes,northeast,car,12,0,318,0.57,basic,0.82,11295.1,13554.12
22,female,21.4,1,no,southeast,truck,16,4,556,0.72,basic,0.57,9887.06,24909.46
61,female,38.8,2,yes,southeast,bike,25,0,595,0.9,family,0.04,13899.64,16679.57
44,female,34.2,4,yes,southeast,truck,25,4,321,0.55,basic,0.18,13453.37,16144.04
49,male,37.4,4,no,southwest,truck,19,0,749,0.38,premium,0.86,7969.45,17932.06
38,male,22.5,3,no,northwest,SUV,3,3,849,0.78,premium,0.56,12914.88,32159.34
25,female,30.9,0,no,northeast,SUV,12,4,347,0.3,basic,0.95,5994.91,14989.07
55,female,33.4,3,yes,southwest,SUV,5,2,482,0.45,premium,0.07,13227.64,15873.17
25,female,33.0,1,no,northeast,truck,2,0,734,0.88,family,0.3,11754.56,25761.29
67,female,27.0,4,yes,northeast,car,22,0,406,0.75,family,0.19,5878.66,7054.39
20,female,18.3,0,no,northeast,car,7,1,487,0.46,basic,0.55,11830.8,24800.91
61,male,30.8,1,no,southwest,truck,13,4,385,0.29,basic,0.38,10805.19,20708.15
20,female,23.6,1,no,northwest,truck,25,2,755,0.42,family,0.16,10945.5,18492.42
39,male,27.9,0,no,northeast,bike,15,3,436,0.36,premium,0.64,7908.64,17330.99
23,female,39.1,1,no,northwest,SUV,22,1,635,0.26,basic,0.54,7664.97,14344.99
19,male,26.8,0,no,northwest,SUV,3,2,768,0.77,basic,0.27,12625.35,27121.78
40,female,36.5,0,yes,southeast,truck,28,4,702,0.33,premium,0.48,7568.13,9081.76
61,male,22.1,2,no,southwest,truck,21,2,839,0.51,basic,0.75,9462.62,22342.19
19,female,32.8,3,yes,southwest,car,20,0,371,0.45,premium,0.21,11947.89,14337.47
55,male,39.5,1,no,southeast,truck,5,0,323,0.98,premium,0.29,5796.16,13462.74
34,male,20.2,1,no,southeast,car,24,1,784,0.45,premium,0.35,10945.48,20321.38
52,male,18.2,2,no,northwest,truck,8,4,355,0.17,premium,0.75,10893.76,23634.01
51,male,27.5,2,yes,northeast,bike,22,4,522,0.18,premium,0.85,11842.29,14210.75
40,male,20.0,2,yes,southwest,bike,1,2,478,0.63,family,0.38,8699.28,10439.14
47,male,34.5,4,no,northeast,car,8,1,733,0.64,premium,0.3,9489.8,18995.73
69,female,38.1,4,yes,northeast,SUV,24,4,749,0.48,family,0.89,8299.69,9959.63
25,male,27.5,4,no,southeast,bike,18,0,791,0.49,premium,1.0,13081.68,32650.57
39,female,23.7,0,no,northeast,car,20,2,488,0.15,basic,0.67,6306.11,12336.01
61,female,27.6,1,yes,northwest,truck,28,3,719,0.56,family,0.99,14629.54,17555.45
53,female,33.9,3,yes,southeast,truck,16,0,548,0.55,basic,0.66,11348.36,13618.03
22,female,18.2,0,yes,northeast,car,18,1,463,0.23,premium,0.73,13869.07,16642.88
30,female,31.0,1,yes,southeast,SUV,20,4,554,0.19,premium,0.39,9262.31,11114.77
46,male,31.5,1,no,northwest,car,12,0,775,0.21,basic,0.43,8322.79,13711.8
48,male,32.0,2,yes,northwest,car,13,3,716,0.19,premium,0.14,14007.26,16808.71
64,male,23.3,2,yes,northeast,bike,13,3,469,0.65,basic,0.82,5988.73,7186.48
33,female,33.7,0,no,southeast,car,10,1,616,0.28,premium,0.93,6171.07,14091.02
59,male,20.0,2,yes,northeast,car,7,0,473,0.33,premium,0.62,7993.47,9592.16
47,male,22.4,1,yes,northeast,truck,25,2,769,0.26,family,0.34,14597.75,17517.3
33,male,37.3,2,yes,southeast,bike,14,0,644,0.96,basic,0.15,11330.69,13596.83
29,male,34.3,4,yes,northeast,truck,24,3,744,0.87,premium,0.27,10541.94,12650.33
34,male,18.3,2,no,northwest,truck,16,1,317,0.31,basic,0.26,12053.56,20169.22
33,female,23.5,1,no,southeast,SUV,15,1,369,0.39,family,0.61,9174.75,19249.54
29,male,22.7,0,yes,southeast,SUV,12,2,637,0.29,basic,0.95,12580.74,15096.89
25,female,24.0,3,yes,southeast,bike,9,1,826,0.54,family,0.05,8932.31,10718.77
37,female,23.4,2,no,southeast,bike,8,1,755,0.12,basic,0.0,13263.63,15644.45
20,female,19.4,1,yes,northeast,SUV,18,1,568,0.7,basic,0.6,7672.95,9207.54
33,female,28.1,3,yes,northeast,SUV,23,1,487,0.57,family,0.28,7775.47,9330.56
47,female,34.1,3,yes,northwest,SUV,18,1,828,0.91,premium,0.88,10223.83,12268.6
62,male,31.3,4,yes,southwest,SUV,13,3,733,0.25,premium,0.33,9307.61,11169.13
40,male,32.8,3,yes,southwest,SUV,28,0,587,0.82,premium,0.29,11481.16,13777.39
45,male,19.8,1,yes,northwest,truck,27,4,798,0.81,basic,0.27,8642.91,10371.49
68,female,38.9,1,yes,southwest,bike,18,1,740,0.21,basic,0.14,7305.51,8766.61
57,male,36.4,2,yes,northwest,truck,15,4,602,0.46,premium,0.58,9698.09,11637.71
22,male,35.7,2,yes,northeast,truck,4,4,386,0.25,basic,0.17,10609.56,12731.47
37,female,36.1,2,no,southeast,car,17,3,737,0.33,basic,0.42,6426.0,12282.01
57,female,38.5,3,no,southeast,truck,5,1,840,0.34,premium,0.46,10567.19,19559.87
61,female,30.0,3,no,northeast,SUV,22,4,321,0.6,family,0.02,8192.57,15343.86
18,female,22.4,4,yes,southeast,SUV,16,1,816,0.47,basic,0.02,8924.52,10709.42
47,male,31.6,2,yes,southeast,car,9,2,802,0.95,basic,0.52,7793.18,9351.82
38,female,34.3,0,no,southwest,car,10,2,766,0.21,basic,0.7,14314.1,28891.58
37,female,34.2,4,yes,northeast,car,24,2,400,0.98,basic,0.94,11833.36,14200.03
23,male,29.5,0,no,southwest,car,18,4,440,0.31,family,0.18,7624.6,13198.18
39,male,19.5,3,yes,southwest,car,17,2,437,0.8,premium,0.1,11450.31,13740.37
35,female,26.2,4,no,southeast,truck,18,3,527,0.41,basic,0.05,13485.72,22147.6
25,male,38.3,4,no,southeast,car,7,3,580,0.23,premium,0.44,9016.3,16653.11
56,female,30.9,1,no,northeast,truck,4,4,730,0.87,basic,0.62,13299.58,35935.47
49,female,29.8,3,yes,southeast,bike,26,1,339,0.38,family,0.84,6544.15,7852.98
50,male,23.9,3,no,southeast,car,5,0,818,0.69,premium,0.68,13227.81,31392.24
33,male,26.1,4,yes,northeast,car,28,1,510,0.61,family,0.21,10402.94,12483.53
29,female,37.7,3,yes,southeast,truck,23,1,601,0.52,basic,0.46,7229.74,8675.69
55,female,32.7,4,yes,southwest,bike,16,1,385,0.55,family,0.91,9071.41,10885.69
69,female,35.3,1,yes,northeast,truck,3,1,696,0.76,family,0.33,14879.93,17855.92
